point_id,farm_name,latitude,longitude,date,doy,days_since_rain,elevation_m,slope_deg,aspect_deg,twi,B4_red,B8_nir,B11_swir,B12_swir2,ndvi,ndwi,savi,dist_to_dam_km,dist_to_river_km,vwc_percent
1,FARM A,-17.33625,30.02948,2024-11-15,320,1,1070.7,1.47,294.0,11.33,0.06579,0.36509,0.15462,0.12665,0.69465,0.40498,0.4823,0.752,0.992,19.74
2,FARM A,-17.33579,30.03088,2024-11-15,320,5,1167.5,9.97,37.9,7.85,0.07162,0.31308,0.15151,0.1205,0.62765,0.34777,0.40939,0.752,0.992,9.3
3,FARM A,-17.33991,30.03238,2024-11-15,320,9,1084.1,1.84,24.0,6.63,0.05733,0.26143,0.20124,0.13908,0.64029,0.1301,0.37392,0.752,0.992,5.0
4,FARM A,-17.33631,30.03136,2024-11-15,320,13,1235.0,2.15,214.0,8.28,0.08471,0.30155,0.18896,0.15874,0.56137,0.22954,0.367,0.752,0.992,5.0
5,FARM B,-17.34695,30.02887,2024-11-15,320,0,1166.2,7.19,52.6,10.79,0.05619,0.34506,0.13501,0.10726,0.71993,0.43754,0.48079,1.32,0.673,21.39
6,FARM B,-17.34555,30.03163,2024-11-15,320,10,1119.4,10.49,296.9,9.22,0.08243,0.30942,0.16927,0.14721,0.57928,0.29278,0.38177,1.32,0.673,5.0
7,FARM B,-17.34397,30.03103,2024-11-15,320,11,1168.2,2.36,111.7,10.44,0.0798,0.27238,0.16254,0.15364,0.54683,0.25256,0.33898,1.32,0.673,5.0
8,FARM B,-17.34513,30.02759,2024-11-15,320,13,1054.6,3.72,51.8,8.26,0.07173,0.2536,0.18019,0.14763,0.55904,0.16925,0.33055,1.32,0.673,5.0
9,FARM C,-17.34081,30.04431,2024-11-15,320,5,1241.7,9.33,331.5,9.06,0.07435,0.30898,0.19911,0.13037,0.61208,0.21623,0.39842,2.562,1.184,10.35
10,FARM C,-17.33922,30.0476,2024-11-15,320,1,1146.5,11.66,59.6,6.31,0.0812,0.28925,0.19837,0.14084,0.56162,0.18637,0.35852,2.562,1.184,9.18
11,FARM C,-17.33963,30.046,2024-11-15,320,3,1206.5,6.01,102.5,9.88,0.07119,0.36153,0.20215,0.12908,0.67096,0.28274,0.46692,2.562,1.184,14.5
12,FARM C,-17.3384,30.04912,2024-11-15,320,11,1066.5,1.73,55.3,5.62,0.08461,0.25809,0.195,0.14219,0.50621,0.13925,0.30879,2.562,1.184,5.0
13,FARM D,-17.32688,30.03518,2024-11-15,320,12,1147.3,0.17,41.6,9.56,0.06933,0.24321,0.15891,0.12909,0.55633,0.20965,0.32098,1.514,0.606,5.0
14,FARM D,-17.32853,30.03438,2024-11-15,320,8,1148.1,2.76,7.6,10.89,0.07139,0.32789,0.20093,0.12671,0.64241,0.24008,0.42784,1.514,0.606,7.83
15,FARM D,-17.33019,30.03777,2024-11-15,320,1,1237.6,1.58,19.9,5.06,0.06574,0.31308,0.17527,0.1368,0.65292,0.2822,0.42217,1.514,0.606,13.75
16,FARM D,-17.32705,30.03928,2024-11-15,320,1,1164.3,8.13,62.9,8.92,0.07545,0.30878,0.16745,0.15669,0.60725,0.29677,0.39581,1.514,0.606,16.32
17,FARM E,-17.33185,30.0296,2024-11-15,320,6,1144.7,1.46,19.2,4.76,0.0868,0.28099,0.19705,0.14057,0.52799,0.17559,0.33566,0.765,0.442,5.83
18,FARM E,-17.3311,30.02865,2024-11-15,320,8,1103.4,6.08,212.8,9.81,0.0676,0.29713,0.17182,0.14643,0.62932,0.26723,0.39816,0.765,0.442,7.71
19,FARM E,-17.33287,30.03015,2024-11-15,320,0,1116.3,8.33,245.1,4.68,0.06908,0.33086,0.17218,0.12032,0.65455,0.31545,0.43633,0.765,0.442,17.32
20,FARM E,-17.33237,30.03116,2024-11-15,320,9,1154.1,6.97,141.7,11.49,0.05612,0.30099,0.14706,0.11475,0.68572,0.34357,0.42855,0.765,0.442,11.54
21,FARM F,-17.34976,30.037,2024-11-15,320,7,1137.8,2.4,114.5,5.1,0.0813,0.27226,0.1628,0.10343,0.54011,0.25158,0.33558,2.079,1.315,7.33
22,FARM F,-17.34824,30.034,2024-11-15,320,0,1054.3,9.65,181.6,11.67,0.08337,0.35867,0.15162,0.12559,0.6228,0.40575,0.43836,2.079,1.315,19.99
23,FARM F,-17.34748,30.03684,2024-11-15,320,1,1215.3,8.58,315.0,10.41,0.06648,0.32161,0.17086,0.1386,0.65739,0.30611,0.43092,2.079,1.315,13.92
24,FARM F,-17.35005,30.03386,2024-11-15,320,6,1229.2,8.87,306.4,8.75,0.07722,0.28699,0.19316,0.15432,0.57594,0.19542,0.36409,2.079,1.315,10.15
25,FARM G,-17.34554,30.04007,2024-11-15,320,10,1078.0,1.57,15.7,10.26,0.0689,0.30172,0.18713,0.15935,0.62819,0.2344,0.40113,2.395,1.56,5.0
26,FARM G,-17.34838,30.03929,2024-11-15,320,11,1160.8,1.49,65.3,10.36,0.08764,0.27763,0.19387,0.16128,0.52013,0.17764,0.32936,2.395,1.56,5.0
27,FARM G,-17.34492,30.04317,2024-11-15,320,6,1071.7,11.13,85.2,11.57,0.06351,0.29702,0.18439,0.11441,0.64767,0.23396,0.40703,2.395,1.56,11.2
28,FARM G,-17.34541,30.04385,2024-11-15,320,4,1184.4,4.77,89.8,6.03,0.06725,0.32569,0.14299,0.12474,0.6577,0.38981,0.43413,2.395,1.56,10.55
29,FARM H,-17.30945,29.99639,2024-11-15,320,13,1106.2,3.61,205.6,8.72,0.06939,0.27995,0.18731,0.13946,0.60274,0.19826,0.37187,4.053,1.024,5.0
30,FARM H,-17.31145,29.99354,2024-11-15,320,6,1181.9,5.86,149.9,4.76,0.07763,0.25483,0.2006,0.15045,0.53301,0.11907,0.3193,4.053,1.024,5.0
31,FARM H,-17.30814,29.99578,2024-11-15,320,4,1195.4,7.95,17.7,8.93,0.07402,0.32114,0.20444,0.12939,0.62537,0.22204,0.4141,4.053,1.024,13.04
32,FARM H,-17.30878,29.99762,2024-11-15,320,6,1203.7,11.47,134.5,5.37,0.06997,0.25435,0.17133,0.13183,0.56851,0.19503,0.33552,4.053,1.024,5.0
33,FARM I,-17.30543,29.98808,2024-11-15,320,0,1071.5,3.44,188.6,8.52,0.069,0.33647,0.15434,0.13517,0.65964,0.37108,0.44308,4.924,0.69,17.09
34,FARM I,-17.3059,29.98653,2024-11-15,320,4,1233.2,11.1,36.6,8.58,0.06785,0.3049,0.18104,0.13187,0.63595,0.25488,0.40742,4.924,0.69,13.59
35,FARM I,-17.30919,29.98736,2024-11-15,320,7,1096.0,0.3,300.0,7.73,0.07546,0.28024,0.1765,0.14478,0.57573,0.22712,0.35898,4.924,0.69,5.0
36,FARM I,-17.30805,29.98718,2024-11-15,320,12,1057.5,6.66,18.7,8.18,0.08669,0.29996,0.18621,0.14686,0.55159,0.23396,0.3608,4.924,0.69,5.0
37,FARM J,-17.29706,29.98933,2024-11-15,320,10,1161.0,7.61,332.9,10.11,0.06675,0.26912,0.17392,0.15107,0.60253,0.21489,0.36317,5.261,1.065,5.0
38,FARM J,-17.3012,29.98957,2024-11-15,320,10,1124.2,1.27,35.7,10.39,0.06238,0.28452,0.18302,0.15395,0.64034,0.21708,0.39344,5.261,1.065,10.25
39,FARM J,-17.29997,29.99155,2024-11-15,320,7,1216.0,1.68,303.7,7.94,0.07799,0.31143,0.16522,0.12713,0.59944,0.30673,0.39368,5.261,1.065,5.0
40,FARM J,-17.2986,29.99219,2024-11-15,320,1,1211.7,5.03,325.0,8.8,0.06418,0.33912,0.17448,0.10684,0.68175,0.32058,0.45657,5.261,1.065,14.57
41,FARM K,-17.30251,29.9941,2024-11-15,320,5,1113.4,11.59,352.6,11.45,0.06347,0.3499,0.16082,0.12004,0.6929,0.37022,0.47039,4.646,0.819,14.88
42,FARM K,-17.30195,29.9932,2024-11-15,320,13,1240.6,7.15,288.7,4.96,0.0821,0.28396,0.16472,0.14896,0.55143,0.26577,0.34961,4.646,0.819,5.0
43,FARM K,-17.30491,29.99291,2024-11-15,320,0,1108.2,11.2,280.6,4.94,0.07395,0.27112,0.18686,0.12544,0.5714,0.18398,0.34998,4.646,0.819,9.92
44,FARM K,-17.30229,29.99431,2024-11-15,320,12,1153.0,9.65,231.3,4.7,0.08171,0.27983,0.18079,0.15991,0.54799,0.21502,0.34494,4.646,0.819,5.0
45,FARM L,-17.30494,29.9992,2024-11-15,320,9,1101.2,5.61,280.4,9.26,0.07626,0.28038,0.18071,0.14815,0.57235,0.21617,0.35742,4.272,0.356,5.0
46,FARM L,-17.30498,29.99991,2024-11-15,320,3,1237.2,9.42,48.4,7.35,0.06858,0.32805,0.16407,0.10581,0.65418,0.3332,0.43407,4.272,0.356,10.16
47,FARM L,-17.30391,29.99876,2024-11-15,320,10,1082.9,0.21,193.0,10.19,0.09279,0.28943,0.15193,0.13201,0.51447,0.31152,0.33434,4.272,0.356,9.51
48,FARM L,-17.30443,29.99967,2024-11-15,320,11,1059.0,1.31,185.1,9.37,0.07448,0.25273,0.19869,0.14879,0.54476,0.11971,0.32323,4.272,0.356,5.0
49,FARM M,-17.29909,29.9953,2024-11-15,320,0,1137.0,9.95,308.7,6.67,0.07708,0.34426,0.1813,0.12999,0.63411,0.31007,0.43498,4.86,0.642,10.64
50,FARM M,-17.30036,29.99986,2024-11-15,320,1,1248.5,9.56,166.6,11.19,0.07003,0.30848,0.16523,0.11739,0.62999,0.30241,0.40715,4.86,0.642,18.62
51,FARM M,-17.29624,29.99849,2024-11-15,320,9,1228.3,2.79,138.6,10.1,0.06958,0.33978,0.16087,0.14012,0.66006,0.35735,0.4457,4.86,0.642,11.28
52,FARM M,-17.29959,29.9999,2024-11-15,320,13,1199.7,6.37,230.2,6.16,0.06905,0.27855,0.20819,0.13861,0.60271,0.14456,0.37076,4.86,0.642,5.0
53,FARM N,-17.29313,30.02101,2024-11-15,320,0,1228.2,7.27,95.9,6.91,0.07198,0.28119,0.17517,0.13425,0.59237,0.23231,0.36782,4.388,1.913,9.85
54,FARM N,-17.29511,30.01833,2024-11-15,320,9,1228.7,10.41,50.3,6.52,0.06307,0.28464,0.18216,0.11172,0.63721,0.21954,0.39205,4.388,1.913,5.0
55,FARM N,-17.29724,30.02213,2024-11-15,320,1,1153.8,7.24,172.0,5.26,0.07114,0.3047,0.15266,0.13934,0.62142,0.33243,0.39999,4.388,1.913,13.79
56,FARM N,-17.29507,30.01791,2024-11-15,320,9,1113.2,4.95,150.1,5.18,0.09506,0.2834,0.19582,0.1405,0.49765,0.18277,0.3216,4.388,1.913,5.0
57,FARM O,-17.28897,30.01796,2024-11-15,320,8,1204.4,4.49,83.7,11.49,0.0764,0.3288,0.17068,0.12865,0.6229,0.31657,0.41825,5.183,1.66,10.75
58,FARM O,-17.28971,30.01955,2024-11-15,320,1,1182.3,5.11,132.3,7.5,0.07626,0.34288,0.16795,0.12603,0.6361,0.34243,0.43511,5.183,1.66,12.58
59,FARM O,-17.28637,30.01876,2024-11-15,320,9,1124.7,7.82,131.9,7.07,0.07403,0.29404,0.15622,0.13258,0.59772,0.30608,0.38016,5.183,1.66,5.0
60,FARM O,-17.28825,30.01824,2024-11-15,320,12,1068.9,10.41,117.9,9.84,0.05744,0.25573,0.17627,0.14009,0.63318,0.18392,0.36577,5.183,1.66,5.0
61,FARM P,-17.28815,30.00687,2024-11-15,320,12,1199.4,5.45,136.6,8.42,0.07404,0.25438,0.18915,0.15509,0.54912,0.14709,0.32654,5.402,0.561,5.0
62,FARM P,-17.29007,30.00597,2024-11-15,320,0,1102.5,2.97,246.9,11.49,0.05843,0.35046,0.16096,0.13098,0.71421,0.37054,0.48196,5.402,0.561,17.86
63,FARM P,-17.29024,30.00627,2024-11-15,320,3,1237.4,2.84,106.9,10.24,0.07381,0.30304,0.17032,0.12535,0.60826,0.28038,0.39213,5.402,0.561,14.75
64,FARM P,-17.28913,30.00492,2024-11-15,320,3,1098.2,8.95,341.6,7.83,0.06089,0.30498,0.17823,0.12535,0.66715,0.26231,0.42285,5.402,0.561,8.25
1,FARM A,-17.33625,30.02948,2024-12-05,340,7,1070.7,1.47,294.0,11.33,0.08113,0.38109,0.17889,0.11033,0.64896,0.36109,0.46761,0.752,0.992,19.08
2,FARM A,-17.33579,30.03088,2024-12-05,340,3,1167.5,9.97,37.9,7.85,0.06391,0.39139,0.16573,0.11786,0.71926,0.40504,0.5142,0.752,0.992,26.51
3,FARM A,-17.33991,30.03238,2024-12-05,340,3,1084.1,1.84,24.0,6.63,0.06534,0.3803,0.12385,0.11396,0.70677,0.50868,0.49961,0.752,0.992,24.7
4,FARM A,-17.33631,30.03136,2024-12-05,340,4,1235.0,2.15,214.0,8.28,0.05272,0.39012,0.18334,0.13437,0.76189,0.36058,0.53678,0.752,0.992,21.3
5,FARM B,-17.34695,30.02887,2024-12-05,340,8,1166.2,7.19,52.6,10.79,0.07422,0.35387,0.16159,0.10579,0.65324,0.37303,0.45197,1.32,0.673,20.73
6,FARM B,-17.34555,30.03163,2024-12-05,340,3,1119.4,10.49,296.9,9.22,0.05907,0.3578,0.14569,0.10889,0.71661,0.42127,0.48873,1.32,0.673,26.77
7,FARM B,-17.34397,30.03103,2024-12-05,340,12,1168.2,2.36,111.7,10.44,0.07201,0.34488,0.16587,0.12214,0.65453,0.35047,0.4464,1.32,0.673,18.93
8,FARM B,-17.34513,30.02759,2024-12-05,340,6,1054.6,3.72,51.8,8.26,0.05588,0.34358,0.15017,0.10602,0.7202,0.39172,0.47978,1.32,0.673,19.32
9,FARM C,-17.34081,30.04431,2024-12-05,340,12,1241.7,9.33,331.5,9.06,0.07289,0.27825,0.17257,0.14275,0.58482,0.23442,0.3619,2.562,1.184,12.8
10,FARM C,-17.33922,30.0476,2024-12-05,340,9,1146.5,11.66,59.6,6.31,0.0757,0.32893,0.15606,0.11355,0.62582,0.35643,0.41989,2.562,1.184,15.63
11,FARM C,-17.33963,30.046,2024-12-05,340,4,1206.5,6.01,102.5,9.88,0.06281,0.40212,0.16595,0.1105,0.7298,0.41575,0.52746,2.562,1.184,25.28
12,FARM C,-17.3384,30.04912,2024-12-05,340,3,1066.5,1.73,55.3,5.62,0.06393,0.33883,0.16317,0.11772,0.68254,0.34991,0.45677,2.562,1.184,16.9
13,FARM D,-17.32688,30.03518,2024-12-05,340,10,1147.3,0.17,41.6,9.56,0.06299,0.31853,0.17223,0.12085,0.66978,0.2981,0.43482,1.514,0.606,16.22
14,FARM D,-17.32853,30.03438,2024-12-05,340,4,1148.1,2.76,7.6,10.89,0.06076,0.36114,0.13921,0.12708,0.71198,0.44354,0.48874,1.514,0.606,26.79
15,FARM D,-17.33019,30.03777,2024-12-05,340,3,1237.6,1.58,19.9,5.06,0.04941,0.29812,0.16629,0.12476,0.71566,0.28386,0.44018,1.514,0.606,17.07
16,FARM D,-17.32705,30.03928,2024-12-05,340,13,1164.3,8.13,62.9,8.92,0.08185,0.24572,0.18627,0.15398,0.50028,0.13762,0.29703,1.514,0.606,9.84
17,FARM E,-17.33185,30.0296,2024-12-05,340,6,1144.7,1.46,19.2,4.76,0.06686,0.29807,0.16133,0.12715,0.63357,0.29765,0.40098,0.765,0.442,12.63
18,FARM E,-17.3311,30.02865,2024-12-05,340,0,1103.4,6.08,212.8,9.81,0.06642,0.42001,0.15788,0.09741,0.7269,0.45359,0.53768,0.765,0.442,35.35
19,FARM E,-17.33287,30.03015,2024-12-05,340,6,1116.3,8.33,245.1,4.68,0.06232,0.35847,0.16314,0.15639,0.7038,0.37446,0.48244,0.765,0.442,21.17
20,FARM E,-17.33237,30.03116,2024-12-05,340,6,1154.1,6.97,141.7,11.49,0.05303,0.40256,0.1413,0.10417,0.76719,0.48037,0.54865,0.765,0.442,26.64
21,FARM F,-17.34976,30.037,2024-12-05,340,12,1137.8,2.4,114.5,5.1,0.0728,0.30213,0.18159,0.14007,0.61166,0.24919,0.39316,2.079,1.315,9.31
22,FARM F,-17.34824,30.034,2024-12-05,340,9,1054.3,9.65,181.6,11.67,0.04831,0.36456,0.14478,0.10232,0.76599,0.43151,0.51966,2.079,1.315,20.25
23,FARM F,-17.34748,30.03684,2024-12-05,340,2,1215.3,8.58,315.0,10.41,0.05845,0.37503,0.15691,0.09223,0.73033,0.41005,0.50871,2.079,1.315,27.78
24,FARM F,-17.35005,30.03386,2024-12-05,340,2,1229.2,8.87,306.4,8.75,0.05553,0.37279,0.15469,0.10079,0.74073,0.41346,0.51265,2.079,1.315,24.74
25,FARM G,-17.34554,30.04007,2024-12-05,340,8,1078.0,1.57,15.7,10.26,0.06392,0.31583,0.12915,0.11875,0.66338,0.41952,0.42953,2.395,1.56,20.73
26,FARM G,-17.34838,30.03929,2024-12-05,340,0,1160.8,1.49,65.3,10.36,0.05516,0.39953,0.14335,0.11634,0.75738,0.47191,0.54108,2.395,1.56,30.02
27,FARM G,-17.34492,30.04317,2024-12-05,340,4,1071.7,11.13,85.2,11.57,0.05239,0.34212,0.15874,0.13074,0.73442,0.36613,0.48585,2.395,1.56,22.8
28,FARM G,-17.34541,30.04385,2024-12-05,340,1,1184.4,4.77,89.8,6.03,0.04184,0.32936,0.14213,0.10928,0.77458,0.3971,0.49504,2.395,1.56,22.69
29,FARM H,-17.30945,29.99639,2024-12-05,340,0,1106.2,3.61,205.6,8.72,0.0585,0.38006,0.16122,0.101,0.73321,0.40429,0.51391,4.053,1.024,27.26
30,FARM H,-17.31145,29.99354,2024-12-05,340,12,1181.9,5.86,149.9,4.76,0.07983,0.24429,0.19585,0.14373,0.5074,0.11006,0.29933,4.053,1.024,5.0
31,FARM H,-17.30814,29.99578,2024-12-05,340,1,1195.4,7.95,17.7,8.93,0.07127,0.37152,0.17732,0.10711,0.67807,0.35383,0.47769,4.053,1.024,26.79
32,FARM H,-17.30878,29.99762,2024-12-05,340,0,1203.7,11.47,134.5,5.37,0.06405,0.33164,0.14746,0.12382,0.67625,0.38443,0.44812,4.053,1.024,20.63
33,FARM I,-17.30543,29.98808,2024-12-05,340,13,1071.5,3.44,188.6,8.52,0.06677,0.32132,0.19673,0.15176,0.65591,0.2405,0.42994,4.924,0.69,10.32
34,FARM I,-17.3059,29.98653,2024-12-05,340,2,1233.2,11.1,36.6,8.58,0.06946,0.34643,0.14161,0.09938,0.66596,0.41966,0.4536,4.924,0.69,26.81
35,FARM I,-17.30919,29.98736,2024-12-05,340,11,1096.0,0.3,300.0,7.73,0.06658,0.30196,0.20612,0.13138,0.63866,0.18863,0.4065,4.924,0.69,11.06
36,FARM I,-17.30805,29.98718,2024-12-05,340,0,1057.5,6.66,18.7,8.18,0.05496,0.39643,0.14212,0.1119,0.75651,0.47221,0.53839,4.924,0.69,28.98
37,FARM J,-17.29706,29.98933,2024-12-05,340,2,1161.0,7.61,332.9,10.11,0.06897,0.40752,0.14831,0.09079,0.71052,0.46635,0.52006,5.261,1.065,30.27
38,FARM J,-17.3012,29.98957,2024-12-05,340,1,1124.2,1.27,35.7,10.39,0.06485,0.40905,0.14648,0.11812,0.72633,0.47264,0.53014,5.261,1.065,28.35
39,FARM J,-17.29997,29.99155,2024-12-05,340,9,1216.0,1.68,303.7,7.94,0.0775,0.33145,0.1644,0.13133,0.621,0.33691,0.4191,5.261,1.065,15.13
40,FARM J,-17.2986,29.99219,2024-12-05,340,8,1211.7,5.03,325.0,8.8,0.07714,0.21403,0.15935,0.14432,0.47013,0.14647,0.25954,5.261,1.065,7.4
41,FARM K,-17.30251,29.9941,2024-12-05,340,6,1113.4,11.59,352.6,11.45,0.05141,0.35634,0.17233,0.10802,0.74785,0.34807,0.50388,4.646,0.819,24.12
42,FARM K,-17.30195,29.9932,2024-12-05,340,3,1240.6,7.15,288.7,4.96,0.05909,0.38877,0.17201,0.11239,0.73613,0.38654,0.52173,4.646,0.819,26.12
43,FARM K,-17.30491,29.99291,2024-12-05,340,1,1108.2,11.2,280.6,4.94,0.06363,0.34609,0.14081,0.11789,0.68939,0.42162,0.46573,4.646,0.819,19.36
44,FARM K,-17.30229,29.99431,2024-12-05,340,7,1153.0,9.65,231.3,4.7,0.07871,0.30499,0.17404,0.13244,0.58974,0.27336,0.38409,4.646,0.819,10.86
45,FARM L,-17.30494,29.9992,2024-12-05,340,3,1101.2,5.61,280.4,9.26,0.06448,0.35787,0.13323,0.1249,0.69467,0.45741,0.47714,4.272,0.356,25.57
46,FARM L,-17.30498,29.99991,2024-12-05,340,8,1237.2,9.42,48.4,7.35,0.05757,0.32822,0.17921,0.11083,0.70155,0.29365,0.45832,4.272,0.356,13.87
47,FARM L,-17.30391,29.99876,2024-12-05,340,9,1082.9,0.21,193.0,10.19,0.07172,0.34603,0.17406,0.10658,0.65665,0.33066,0.44835,4.272,0.356,17.71
48,FARM L,-17.30443,29.99967,2024-12-05,340,11,1059.0,1.31,185.1,9.37,0.06636,0.31047,0.18501,0.14671,0.6478,0.2532,0.4176,4.272,0.356,14.02
49,FARM M,-17.29909,29.9953,2024-12-05,340,6,1137.0,9.95,308.7,6.67,0.07264,0.35958,0.16058,0.12567,0.66389,0.38256,0.46171,4.86,0.642,22.35
50,FARM M,-17.30036,29.99986,2024-12-05,340,0,1248.5,9.56,166.6,11.19,0.05564,0.42525,0.1356,0.09361,0.76859,0.51646,0.56522,4.86,0.642,31.76
51,FARM M,-17.29624,29.99849,2024-12-05,340,3,1228.3,2.79,138.6,10.1,0.0656,0.37178,0.15641,0.12152,0.70005,0.40775,0.48997,4.86,0.642,24.34
52,FARM M,-17.29959,29.9999,2024-12-05,340,11,1199.7,6.37,230.2,6.16,0.07986,0.29628,0.166,0.1557,0.57538,0.28183,0.37053,4.86,0.642,7.74
53,FARM N,-17.29313,30.02101,2024-12-05,340,7,1228.2,7.27,95.9,6.91,0.05574,0.29794,0.15715,0.12997,0.68478,0.30937,0.42556,4.388,1.913,13.77
54,FARM N,-17.29511,30.01833,2024-12-05,340,8,1228.7,10.41,50.3,6.52,0.06733,0.32475,0.18016,0.13509,0.65656,0.28638,0.43285,4.388,1.913,12.47
55,FARM N,-17.29724,30.02213,2024-12-05,340,6,1153.8,7.24,172.0,5.26,0.07212,0.28792,0.1625,0.09981,0.5994,0.27846,0.37639,4.388,1.913,16.02
56,FARM N,-17.29507,30.01791,2024-12-05,340,2,1113.2,4.95,150.1,5.18,0.06332,0.37492,0.17621,0.12123,0.71102,0.36054,0.49816,4.388,1.913,20.8
57,FARM O,-17.28897,30.01796,2024-12-05,340,12,1204.4,4.49,83.7,11.49,0.07456,0.29768,0.17668,0.14436,0.59939,0.25507,0.3837,5.183,1.66,11.65
58,FARM O,-17.28971,30.01955,2024-12-05,340,10,1182.3,5.11,132.3,7.5,0.07869,0.31201,0.16629,0.14715,0.59718,0.30466,0.39293,5.183,1.66,9.69
59,FARM O,-17.28637,30.01876,2024-12-05,340,13,1124.7,7.82,131.9,7.07,0.07407,0.27694,0.17024,0.13089,0.57799,0.23862,0.35759,5.183,1.66,8.44
60,FARM O,-17.28825,30.01824,2024-12-05,340,11,1068.9,10.41,117.9,9.84,0.06092,0.33023,0.15278,0.12611,0.68851,0.36737,0.4533,5.183,1.66,14.29
61,FARM P,-17.28815,30.00687,2024-12-05,340,4,1199.4,5.45,136.6,8.42,0.08173,0.33387,0.17751,0.11837,0.60668,0.30576,0.41307,5.402,0.561,22.28
62,FARM P,-17.29007,30.00597,2024-12-05,340,3,1102.5,2.97,246.9,11.49,0.05825,0.40073,0.14096,0.1249,0.74616,0.47955,0.53568,5.402,0.561,28.37
63,FARM P,-17.29024,30.00627,2024-12-05,340,3,1237.4,2.84,106.9,10.24,0.06964,0.35845,0.15056,0.10074,0.67463,0.40842,0.46677,5.402,0.561,24.27
64,FARM P,-17.28913,30.00492,2024-12-05,340,12,1098.2,8.95,341.6,7.83,0.08307,0.30152,0.17582,0.12071,0.568,0.26333,0.37042,5.402,0.561,10.61
1,FARM A,-17.33625,30.02948,2024-12-25,360,1,1070.7,1.47,294.0,11.33,0.03812,0.47092,0.0969,0.07839,0.85024,0.65868,0.64339,0.752,0.992,41.38
2,FARM A,-17.33579,30.03088,2024-12-25,360,5,1167.5,9.97,37.9,7.85,0.05988,0.44751,0.12882,0.08585,0.76397,0.55296,0.57718,0.752,0.992,33.55
3,FARM A,-17.33991,30.03238,2024-12-25,360,6,1084.1,1.84,24.0,6.63,0.06005,0.38136,0.16509,0.10673,0.72791,0.39576,0.51195,0.752,0.992,25.96
4,FARM A,-17.33631,30.03136,2024-12-25,360,13,1235.0,2.15,214.0,8.28,0.05671,0.35511,0.16161,0.11217,0.72457,0.37449,0.49087,0.752,0.992,19.22
5,FARM B,-17.34695,30.02887,2024-12-25,360,4,1166.2,7.19,52.6,10.79,0.05137,0.41436,0.15867,0.09789,0.77942,0.44621,0.56381,1.32,0.673,33.95
6,FARM B,-17.34555,30.03163,2024-12-25,360,2,1119.4,10.49,296.9,9.22,0.03518,0.40735,0.12596,0.0892,0.84099,0.52762,0.59229,1.32,0.673,35.05
7,FARM B,-17.34397,30.03103,2024-12-25,360,13,1168.2,2.36,111.7,10.44,0.05878,0.40017,0.15116,0.11313,0.74387,0.45164,0.53402,1.32,0.673,24.88
8,FARM B,-17.34513,30.02759,2024-12-25,360,2,1054.6,3.72,51.8,8.26,0.05254,0.45618,0.09648,0.07444,0.79344,0.65084,0.60022,1.32,0.673,34.36
9,FARM C,-17.34081,30.04431,2024-12-25,360,0,1241.7,9.33,331.5,9.06,0.05105,0.44546,0.13443,0.09089,0.79436,0.53635,0.59369,2.562,1.184,36.33
10,FARM C,-17.33922,30.0476,2024-12-25,360,5,1146.5,11.66,59.6,6.31,0.06407,0.40472,0.15402,0.10796,0.72664,0.44869,0.52743,2.562,1.184,30.21
11,FARM C,-17.33963,30.046,2024-12-25,360,5,1206.5,6.01,102.5,9.88,0.06178,0.40099,0.14051,0.12304,0.73301,0.48104,0.5285,2.562,1.184,29.76
12,FARM C,-17.3384,30.04912,2024-12-25,360,8,1066.5,1.73,55.3,5.62,0.05708,0.29864,0.1656,0.12523,0.67908,0.28657,0.42343,2.562,1.184,14.48
13,FARM D,-17.32688,30.03518,2024-12-25,360,12,1147.3,0.17,41.6,9.56,0.05881,0.31597,0.20359,0.14667,0.68616,0.2163,0.44095,1.514,0.606,16.64
14,FARM D,-17.32853,30.03438,2024-12-25,360,13,1148.1,2.76,7.6,10.89,0.06108,0.3271,0.13135,0.11857,0.68531,0.42699,0.44927,1.514,0.606,20.02
15,FARM D,-17.33019,30.03777,2024-12-25,360,4,1237.6,1.58,19.9,5.06,0.05951,0.34181,0.13904,0.11464,0.70343,0.42168,0.46981,1.514,0.606,24.76
16,FARM D,-17.32705,30.03928,2024-12-25,360,13,1164.3,8.13,62.9,8.92,0.06735,0.32352,0.17285,0.11042,0.65537,0.30354,0.43132,1.514,0.606,19.99
17,FARM E,-17.33185,30.0296,2024-12-25,360,8,1144.7,1.46,19.2,4.76,0.06103,0.34051,0.14804,0.11897,0.69602,0.39395,0.465,0.765,0.442,23.61
18,FARM E,-17.3311,30.02865,2024-12-25,360,0,1103.4,6.08,212.8,9.81,0.04559,0.48864,0.13191,0.08452,0.82932,0.57486,0.64258,0.765,0.442,41.6
19,FARM E,-17.33287,30.03015,2024-12-25,360,13,1116.3,8.33,245.1,4.68,0.08238,0.37099,0.14887,0.11435,0.63657,0.42728,0.45408,0.765,0.442,16.36
20,FARM E,-17.33237,30.03116,2024-12-25,360,1,1154.1,6.97,141.7,11.49,0.03575,0.44722,0.10324,0.08794,0.85198,0.62491,0.62791,0.765,0.442,44.74
21,FARM F,-17.34976,30.037,2024-12-25,360,8,1137.8,2.4,114.5,5.1,0.05801,0.3414,0.14736,0.10798,0.7095,0.397,0.47262,2.079,1.315,20.98
22,FARM F,-17.34824,30.034,2024-12-25,360,11,1054.3,9.65,181.6,11.67,0.05717,0.42531,0.12963,0.1005,0.76302,0.5328,0.56206,2.079,1.315,31.51
23,FARM F,-17.34748,30.03684,2024-12-25,360,3,1215.3,8.58,315.0,10.41,0.03238,0.3875,0.10682,0.07348,0.84578,0.56782,0.57909,2.079,1.315,33.01
24,FARM F,-17.35005,30.03386,2024-12-25,360,3,1229.2,8.87,306.4,8.75,0.06694,0.397,0.1602,0.11057,0.71144,0.42498,0.51362,2.079,1.315,29.58
25,FARM G,-17.34554,30.04007,2024-12-25,360,6,1078.0,1.57,15.7,10.26,0.04671,0.42352,0.14571,0.09417,0.80135,0.48803,0.58257,2.395,1.56,32.61
26,FARM G,-17.34838,30.03929,2024-12-25,360,12,1160.8,1.49,65.3,10.36,0.06608,0.3543,0.13704,0.1012,0.68561,0.44218,0.46973,2.395,1.56,23.06
27,FARM G,-17.34492,30.04317,2024-12-25,360,3,1071.7,11.13,85.2,11.57,0.05335,0.41709,0.12722,0.10196,0.77321,0.53254,0.56224,2.395,1.56,36.59
28,FARM G,-17.34541,30.04385,2024-12-25,360,9,1184.4,4.77,89.8,6.03,0.07439,0.38821,0.13991,0.1364,0.67839,0.47015,0.48903,2.395,1.56,22.53
29,FARM H,-17.30945,29.99639,2024-12-25,360,6,1106.2,3.61,205.6,8.72,0.06709,0.38431,0.14064,0.08842,0.70276,0.46418,0.50014,4.053,1.024,26.59
30,FARM H,-17.31145,29.99354,2024-12-25,360,1,1181.9,5.86,149.9,4.76,0.04319,0.42142,0.16192,0.09481,0.81407,0.44485,0.58816,4.053,1.024,30.42
31,FARM H,-17.30814,29.99578,2024-12-25,360,9,1195.4,7.95,17.7,8.93,0.05433,0.36163,0.16194,0.11228,0.73879,0.3814,0.50325,4.053,1.024,24.84
32,FARM H,-17.30878,29.99762,2024-12-25,360,11,1203.7,11.47,134.5,5.37,0.05864,0.37939,0.1577,0.12673,0.73227,0.41277,0.51292,4.053,1.024,21.88
33,FARM I,-17.30543,29.98808,2024-12-25,360,8,1071.5,3.44,188.6,8.52,0.0608,0.36522,0.14045,0.12269,0.71457,0.4445,0.49311,4.924,0.69,23.51
34,FARM I,-17.3059,29.98653,2024-12-25,360,2,1233.2,11.1,36.6,8.58,0.05605,0.46009,0.15,0.0917,0.7828,0.50827,0.59643,4.924,0.69,35.87
35,FARM I,-17.30919,29.98736,2024-12-25,360,2,1096.0,0.3,300.0,7.73,0.0478,0.42055,0.12297,0.11842,0.79589,0.5475,0.5774,4.924,0.69,34.02
36,FARM I,-17.30805,29.98718,2024-12-25,360,5,1057.5,6.66,18.7,8.18,0.05423,0.42403,0.10738,0.08078,0.77322,0.59588,0.56703,4.924,0.69,30.03
37,FARM J,-17.29706,29.98933,2024-12-25,360,7,1161.0,7.61,332.9,10.11,0.0562,0.40679,0.11939,0.10419,0.75723,0.5462,0.5461,5.261,1.065,30.36
38,FARM J,-17.3012,29.98957,2024-12-25,360,7,1124.2,1.27,35.7,10.39,0.05914,0.42499,0.12478,0.09379,0.75569,0.54607,0.55762,5.261,1.065,34.32
39,FARM J,-17.29997,29.99155,2024-12-25,360,3,1216.0,1.68,303.7,7.94,0.06208,0.39177,0.12642,0.1046,0.72642,0.51207,0.51845,5.261,1.065,24.97
40,FARM J,-17.2986,29.99219,2024-12-25,360,7,1211.7,5.03,325.0,8.8,0.05394,0.36566,0.1229,0.12299,0.74289,0.4969,0.50846,5.261,1.065,22.92
41,FARM K,-17.30251,29.9941,2024-12-25,360,4,1113.4,11.59,352.6,11.45,0.04868,0.38361,0.11177,0.10983,0.77479,0.54876,0.53889,4.646,0.819,36.64
42,FARM K,-17.30195,29.9932,2024-12-25,360,9,1240.6,7.15,288.7,4.96,0.06861,0.28019,0.19055,0.12576,0.60658,0.19042,0.3739,4.646,0.819,10.76
43,FARM K,-17.30491,29.99291,2024-12-25,360,11,1108.2,11.2,280.6,4.94,0.0707,0.37312,0.1624,0.12859,0.6814,0.39349,0.48063,4.646,0.819,17.28
44,FARM K,-17.30229,29.99431,2024-12-25,360,9,1153.0,9.65,231.3,4.7,0.07806,0.30644,0.16293,0.12824,0.59396,0.30574,0.3873,4.646,0.819,14.33
45,FARM L,-17.30494,29.9992,2024-12-25,360,0,1101.2,5.61,280.4,9.26,0.0551,0.43641,0.13757,0.08081,0.7758,0.52065,0.57687,4.272,0.356,33.41
46,FARM L,-17.30498,29.99991,2024-12-25,360,13,1237.2,9.42,48.4,7.35,0.07319,0.29211,0.15201,0.13662,0.59929,0.31545,0.3795,4.272,0.356,15.93
47,FARM L,-17.30391,29.99876,2024-12-25,360,0,1082.9,0.21,193.0,10.19,0.05127,0.48734,0.12697,0.09785,0.80961,0.58663,0.62978,4.272,0.356,40.03
48,FARM L,-17.30443,29.99967,2024-12-25,360,13,1059.0,1.31,185.1,9.37,0.0568,0.36835,0.15269,0.11497,0.7328,0.4139,0.50514,4.272,0.356,26.86
49,FARM M,-17.29909,29.9953,2024-12-25,360,0,1137.0,9.95,308.7,6.67,0.04527,0.46164,0.13872,0.09158,0.82139,0.53787,0.62027,4.86,0.642,33.09
50,FARM M,-17.30036,29.99986,2024-12-25,360,7,1248.5,9.56,166.6,11.19,0.05326,0.40664,0.14376,0.08599,0.7684,0.47762,0.55222,4.86,0.642,32.34
51,FARM M,-17.29624,29.99849,2024-12-25,360,1,1228.3,2.79,138.6,10.1,0.06463,0.45105,0.11767,0.0864,0.74935,0.5862,0.57069,4.86,0.642,38.34
52,FARM M,-17.29959,29.9999,2024-12-25,360,1,1199.7,6.37,230.2,6.16,0.0529,0.39911,0.15108,0.0822,0.76593,0.45081,0.54549,4.86,0.642,31.33
53,FARM N,-17.29313,30.02101,2024-12-25,360,9,1228.2,7.27,95.9,6.91,0.05812,0.37531,0.13598,0.13061,0.73182,0.46808,0.50973,4.388,1.913,23.56
54,FARM N,-17.29511,30.01833,2024-12-25,360,10,1228.7,10.41,50.3,6.52,0.06949,0.33335,0.16698,0.12077,0.65498,0.33252,0.43837,4.388,1.913,22.73
55,FARM N,-17.29724,30.02213,2024-12-25,360,1,1153.8,7.24,172.0,5.26,0.05887,0.38814,0.156,0.11287,0.73661,0.42662,0.52154,4.388,1.913,26.17
56,FARM N,-17.29507,30.01791,2024-12-25,360,13,1113.2,4.95,150.1,5.18,0.08078,0.34335,0.12946,0.12554,0.61909,0.45237,0.42619,4.388,1.913,13.77
57,FARM O,-17.28897,30.01796,2024-12-25,360,4,1204.4,4.49,83.7,11.49,0.0393,0.41865,0.15202,0.08693,0.82837,0.46722,0.594,5.183,1.66,33.35
58,FARM O,-17.28971,30.01955,2024-12-25,360,4,1182.3,5.11,132.3,7.5,0.04861,0.38693,0.16201,0.09838,0.77677,0.40973,0.54244,5.183,1.66,30.07
59,FARM O,-17.28637,30.01876,2024-12-25,360,4,1124.7,7.82,131.9,7.07,0.04109,0.43688,0.14918,0.10292,0.82807,0.4909,0.60707,5.183,1.66,29.93
60,FARM O,-17.28825,30.01824,2024-12-25,360,6,1068.9,10.41,117.9,9.84,0.04425,0.42661,0.13396,0.10166,0.81206,0.52207,0.59076,5.183,1.66,30.59
61,FARM P,-17.28815,30.00687,2024-12-25,360,2,1199.4,5.45,136.6,8.42,0.04961,0.42479,0.13948,0.10955,0.79084,0.50562,0.57755,5.402,0.561,32.18
62,FARM P,-17.29007,30.00597,2024-12-25,360,5,1102.5,2.97,246.9,11.49,0.05786,0.40565,0.16784,0.08198,0.75033,0.41468,0.54144,5.402,0.561,32.81
63,FARM P,-17.29024,30.00627,2024-12-25,360,2,1237.4,2.84,106.9,10.24,0.05925,0.43105,0.1542,0.10252,0.75832,0.47304,0.56316,5.402,0.561,39.62
64,FARM P,-17.28913,30.00492,2024-12-25,360,0,1098.2,8.95,341.6,7.83,0.04914,0.43996,0.11914,0.0964,0.79907,0.57382,0.59269,5.402,0.561,38.86
1,FARM A,-17.33625,30.02948,2025-01-14,14,8,1070.7,1.47,294.0,11.33,0.07135,0.42084,0.15917,0.10358,0.71007,0.45116,0.52836,0.752,0.992,33.81
2,FARM A,-17.33579,30.03088,2025-01-14,14,4,1167.5,9.97,37.9,7.85,0.04312,0.42721,0.12918,0.10358,0.81665,0.53565,0.59376,0.752,0.992,38.86
3,FARM A,-17.33991,30.03238,2025-01-14,14,2,1084.1,1.84,24.0,6.63,0.03961,0.41092,0.10334,0.07235,0.82417,0.59809,0.58595,0.752,0.992,37.62
4,FARM A,-17.33631,30.03136,2025-01-14,14,9,1235.0,2.15,214.0,8.28,0.06554,0.39633,0.10745,0.10373,0.71618,0.57342,0.51585,0.752,0.992,29.32
5,FARM B,-17.34695,30.02887,2025-01-14,14,2,1166.2,7.19,52.6,10.79,0.06317,0.43085,0.11014,0.10747,0.74426,0.59281,0.55484,1.32,0.673,42.0
6,FARM B,-17.34555,30.03163,2025-01-14,14,9,1119.4,10.49,296.9,9.22,0.05934,0.40957,0.14204,0.11215,0.74689,0.485,0.5422,1.32,0.673,31.46
7,FARM B,-17.34397,30.03103,2025-01-14,14,2,1168.2,2.36,111.7,10.44,0.05532,0.42071,0.12566,0.09269,0.76759,0.54003,0.56155,1.32,0.673,39.63
8,FARM B,-17.34513,30.02759,2025-01-14,14,6,1054.6,3.72,51.8,8.26,0.05453,0.39558,0.12071,0.09835,0.75769,0.53239,0.53843,1.32,0.673,31.61
9,FARM C,-17.34081,30.04431,2025-01-14,14,11,1241.7,9.33,331.5,9.06,0.0642,0.34188,0.16473,0.10136,0.6838,0.34969,0.45969,2.562,1.184,22.98
10,FARM C,-17.33922,30.0476,2025-01-14,14,3,1146.5,11.66,59.6,6.31,0.04838,0.4429,0.13839,0.09754,0.80305,0.52384,0.59699,2.562,1.184,33.28
11,FARM C,-17.33963,30.046,2025-01-14,14,10,1206.5,6.01,102.5,9.88,0.03893,0.40046,0.16944,0.10619,0.82279,0.40538,0.57728,2.562,1.184,30.26
12,FARM C,-17.3384,30.04912,2025-01-14,14,10,1066.5,1.73,55.3,5.62,0.0653,0.38721,0.12232,0.09402,0.7114,0.51987,0.50694,2.562,1.184,23.86
13,FARM D,-17.32688,30.03518,2025-01-14,14,12,1147.3,0.17,41.6,9.56,0.05299,0.40933,0.14204,0.08686,0.77077,0.48477,0.55544,1.514,0.606,26.62
14,FARM D,-17.32853,30.03438,2025-01-14,14,2,1148.1,2.76,7.6,10.89,0.02698,0.43919,0.11962,0.08674,0.88424,0.57186,0.63996,1.514,0.606,38.77
15,FARM D,-17.33019,30.03777,2025-01-14,14,10,1237.6,1.58,19.9,5.06,0.06813,0.3807,0.11434,0.11718,0.6964,0.53806,0.49413,1.514,0.606,26.82
16,FARM D,-17.32705,30.03928,2025-01-14,14,13,1164.3,8.13,62.9,8.92,0.06217,0.39653,0.13177,0.13603,0.72893,0.50116,0.52314,1.514,0.606,25.38
17,FARM E,-17.33185,30.0296,2025-01-14,14,10,1144.7,1.46,19.2,4.76,0.06947,0.31954,0.14473,0.13721,0.64285,0.37652,0.42194,0.765,0.442,20.66
18,FARM E,-17.3311,30.02865,2025-01-14,14,2,1103.4,6.08,212.8,9.81,0.05407,0.45877,0.11681,0.10516,0.78912,0.59411,0.59935,0.765,0.442,40.81
19,FARM E,-17.33287,30.03015,2025-01-14,14,11,1116.3,8.33,245.1,4.68,0.04878,0.34005,0.16582,0.12291,0.74912,0.34442,0.49157,0.765,0.442,21.22
20,FARM E,-17.33237,30.03116,2025-01-14,14,1,1154.1,6.97,141.7,11.49,0.04188,0.4404,0.1137,0.07288,0.82632,0.58959,0.60856,0.765,0.442,40.41
21,FARM F,-17.34976,30.037,2025-01-14,14,8,1137.8,2.4,114.5,5.1,0.05479,0.38656,0.16368,0.11191,0.75172,0.40505,0.52866,2.079,1.315,24.23
22,FARM F,-17.34824,30.034,2025-01-14,14,6,1054.3,9.65,181.6,11.67,0.05246,0.41277,0.11116,0.08499,0.77447,0.57569,0.55993,2.079,1.315,35.82
23,FARM F,-17.34748,30.03684,2025-01-14,14,7,1215.3,8.58,315.0,10.41,0.04503,0.41362,0.14679,0.08284,0.80364,0.47613,0.57673,2.079,1.315,32.08
24,FARM F,-17.35005,30.03386,2025-01-14,14,7,1229.2,8.87,306.4,8.75,0.05259,0.41716,0.13567,0.08446,0.77611,0.50918,0.56392,2.079,1.315,32.07
25,FARM G,-17.34554,30.04007,2025-01-14,14,0,1078.0,1.57,15.7,10.26,0.04799,0.47208,0.08619,0.0937,0.81543,0.69124,0.62361,2.395,1.56,40.3
26,FARM G,-17.34838,30.03929,2025-01-14,14,7,1160.8,1.49,65.3,10.36,0.04895,0.44739,0.1149,0.09265,0.80274,0.59131,0.59984,2.395,1.56,37.28
27,FARM G,-17.34492,30.04317,2025-01-14,14,13,1071.7,11.13,85.2,11.57,0.04421,0.37532,0.14264,0.11259,0.78924,0.44924,0.54013,2.395,1.56,21.29
28,FARM G,-17.34541,30.04385,2025-01-14,14,6,1184.4,4.77,89.8,6.03,0.04804,0.37576,0.13736,0.11576,0.77328,0.46461,0.53213,2.395,1.56,25.85
29,FARM H,-17.30945,29.99639,2025-01-14,14,3,1106.2,3.61,205.6,8.72,0.05147,0.44911,0.14593,0.07889,0.79435,0.50951,0.59611,4.053,1.024,38.87
30,FARM H,-17.31145,29.99354,2025-01-14,14,13,1181.9,5.86,149.9,4.76,0.07499,0.36326,0.14349,0.11986,0.65778,0.43369,0.46086,4.053,1.024,17.59
31,FARM H,-17.30814,29.99578,2025-01-14,14,1,1195.4,7.95,17.7,8.93,0.0482,0.47808,0.10707,0.07814,0.81684,0.63406,0.62831,4.053,1.024,44.83
32,FARM H,-17.30878,29.99762,2025-01-14,14,6,1203.7,11.47,134.5,5.37,0.0541,0.39842,0.14147,0.09708,0.7609,0.47593,0.54223,4.053,1.024,29.85
33,FARM I,-17.30543,29.98808,2025-01-14,14,7,1071.5,3.44,188.6,8.52,0.0771,0.37831,0.13932,0.09172,0.66142,0.46171,0.47291,4.924,0.69,32.77
34,FARM I,-17.3059,29.98653,2025-01-14,14,6,1233.2,11.1,36.6,8.58,0.05279,0.43763,0.14868,0.10059,0.78472,0.49284,0.58284,4.924,0.69,34.48
35,FARM I,-17.30919,29.98736,2025-01-14,14,12,1096.0,0.3,300.0,7.73,0.04035,0.41241,0.15338,0.12375,0.82176,0.45781,0.58577,4.924,0.69,26.12
36,FARM I,-17.30805,29.98718,2025-01-14,14,5,1057.5,6.66,18.7,8.18,0.04927,0.40346,0.13953,0.10823,0.78236,0.48608,0.55765,4.924,0.69,30.11
37,FARM J,-17.29706,29.98933,2025-01-14,14,13,1161.0,7.61,332.9,10.11,0.04424,0.40472,0.14603,0.10698,0.80293,0.46972,0.56981,5.261,1.065,27.05
38,FARM J,-17.3012,29.98957,2025-01-14,14,0,1124.2,1.27,35.7,10.39,0.05265,0.39783,0.13128,0.07326,0.76626,0.50376,0.54475,5.261,1.065,39.22
39,FARM J,-17.29997,29.99155,2025-01-14,14,10,1216.0,1.68,303.7,7.94,0.05837,0.40263,0.14563,0.1029,0.74677,0.46877,0.53735,5.261,1.065,25.85
40,FARM J,-17.2986,29.99219,2025-01-14,14,8,1211.7,5.03,325.0,8.8,0.06762,0.40172,0.13782,0.10486,0.71184,0.48912,0.51699,5.261,1.065,28.2
41,FARM K,-17.30251,29.9941,2025-01-14,14,3,1113.4,11.59,352.6,11.45,0.0543,0.39484,0.13926,0.09753,0.7582,0.47853,0.53818,4.646,0.819,36.01
42,FARM K,-17.30195,29.9932,2025-01-14,14,3,1240.6,7.15,288.7,4.96,0.03913,0.44835,0.14681,0.10418,0.83944,0.50664,0.6216,4.646,0.819,40.08
43,FARM K,-17.30491,29.99291,2025-01-14,14,10,1108.2,11.2,280.6,4.94,0.06555,0.35157,0.16362,0.11116,0.68571,0.36482,0.4678,4.646,0.819,20.31
44,FARM K,-17.30229,29.99431,2025-01-14,14,8,1153.0,9.65,231.3,4.7,0.04734,0.37692,0.15706,0.11001,0.77683,0.41173,0.53488,4.646,0.819,24.84
45,FARM L,-17.30494,29.9992,2025-01-14,14,8,1101.2,5.61,280.4,9.26,0.06704,0.38771,0.13694,0.10751,0.70515,0.47797,0.5038,4.272,0.356,26.08
46,FARM L,-17.30498,29.99991,2025-01-14,14,0,1237.2,9.42,48.4,7.35,0.04289,0.41989,0.14617,0.08813,0.81463,0.48357,0.58736,4.272,0.356,36.13
47,FARM L,-17.30391,29.99876,2025-01-14,14,8,1082.9,0.21,193.0,10.19,0.04852,0.4248,0.12994,0.10953,0.79498,0.53152,0.57989,4.272,0.356,33.97
48,FARM L,-17.30443,29.99967,2025-01-14,14,13,1059.0,1.31,185.1,9.37,0.04986,0.33213,0.14812,0.10208,0.73896,0.38316,0.48006,4.272,0.356,21.95
49,FARM M,-17.29909,29.9953,2025-01-14,14,0,1137.0,9.95,308.7,6.67,0.04369,0.50113,0.09248,0.09135,0.83961,0.68842,0.65672,4.86,0.642,40.73
50,FARM M,-17.30036,29.99986,2025-01-14,14,6,1248.5,9.56,166.6,11.19,0.05003,0.4155,0.10005,0.10404,0.78508,0.61187,0.56779,4.86,0.642,32.53
51,FARM M,-17.29624,29.99849,2025-01-14,14,6,1228.3,2.79,138.6,10.1,0.04411,0.45681,0.13473,0.08755,0.82387,0.54449,0.61847,4.86,0.642,40.32
52,FARM M,-17.29959,29.9999,2025-01-14,14,12,1199.7,6.37,230.2,6.16,0.04648,0.35856,0.16001,0.10913,0.77051,0.38289,0.51725,4.86,0.642,19.15
53,FARM N,-17.29313,30.02101,2025-01-14,14,3,1228.2,7.27,95.9,6.91,0.04719,0.41531,0.13874,0.08117,0.79594,0.49918,0.5737,4.388,1.913,35.18
54,FARM N,-17.29511,30.01833,2025-01-14,14,6,1228.7,10.41,50.3,6.52,0.04245,0.40155,0.16292,0.11409,0.80878,0.42274,0.5706,4.388,1.913,32.96
55,FARM N,-17.29724,30.02213,2025-01-14,14,10,1153.8,7.24,172.0,5.26,0.05439,0.35245,0.15589,0.11654,0.73262,0.38667,0.49301,4.388,1.913,22.61
56,FARM N,-17.29507,30.01791,2025-01-14,14,0,1113.2,4.95,150.1,5.18,0.0502,0.43044,0.10448,0.08838,0.79113,0.60937,0.58163,4.388,1.913,36.95
57,FARM O,-17.28897,30.01796,2025-01-14,14,11,1204.4,4.49,83.7,11.49,0.04432,0.4008,0.12587,0.10496,0.80087,0.52203,0.56578,5.183,1.66,30.92
58,FARM O,-17.28971,30.01955,2025-01-14,14,11,1182.3,5.11,132.3,7.5,0.07404,0.37126,0.13587,0.12472,0.66747,0.46416,0.47164,5.183,1.66,22.23
59,FARM O,-17.28637,30.01876,2025-01-14,14,10,1124.7,7.82,131.9,7.07,0.05775,0.3665,0.14854,0.12765,0.72776,0.4232,0.50108,5.183,1.66,22.04
60,FARM O,-17.28825,30.01824,2025-01-14,14,9,1068.9,10.41,117.9,9.84,0.05355,0.37122,0.13778,0.12289,0.74785,0.45864,0.51526,5.183,1.66,26.87
61,FARM P,-17.28815,30.00687,2025-01-14,14,10,1199.4,5.45,136.6,8.42,0.07099,0.43719,0.1278,0.10829,0.72062,0.54759,0.54485,5.402,0.561,28.37
62,FARM P,-17.29007,30.00597,2025-01-14,14,10,1102.5,2.97,246.9,11.49,0.05247,0.37055,0.13088,0.09743,0.75191,0.47797,0.5169,5.402,0.561,26.63
63,FARM P,-17.29024,30.00627,2025-01-14,14,12,1237.4,2.84,106.9,10.24,0.05008,0.39299,0.13577,0.14587,0.77393,0.48645,0.54541,5.402,0.561,25.23
64,FARM P,-17.28913,30.00492,2025-01-14,14,5,1098.2,8.95,341.6,7.83,0.05504,0.38369,0.16175,0.11555,0.74909,0.4069,0.52515,5.402,0.561,31.92
1,FARM A,-17.33625,30.02948,2025-02-03,34,10,1070.7,1.47,294.0,11.33,0.0554,0.42495,0.10841,0.07959,0.76933,0.59347,0.56543,0.752,0.992,31.15
2,FARM A,-17.33579,30.03088,2025-02-03,34,12,1167.5,9.97,37.9,7.85,0.06011,0.37735,0.14349,0.12079,0.72518,0.44901,0.50761,0.752,0.992,24.79
3,FARM A,-17.33991,30.03238,2025-02-03,34,13,1084.1,1.84,24.0,6.63,0.06483,0.36379,0.12078,0.12353,0.69749,0.5015,0.48291,0.752,0.992,23.8
4,FARM A,-17.33631,30.03136,2025-02-03,34,6,1235.0,2.15,214.0,8.28,0.05543,0.41819,0.13579,0.10459,0.76593,0.50976,0.55888,0.752,0.992,37.16
5,FARM B,-17.34695,30.02887,2025-02-03,34,13,1166.2,7.19,52.6,10.79,0.04846,0.39879,0.14988,0.10469,0.78329,0.45365,0.55476,1.32,0.673,30.66
6,FARM B,-17.34555,30.03163,2025-02-03,34,7,1119.4,10.49,296.9,9.22,0.05951,0.41034,0.14181,0.108,0.74667,0.48633,0.5426,1.32,0.673,29.75
7,FARM B,-17.34397,30.03103,2025-02-03,34,8,1168.2,2.36,111.7,10.44,0.066,0.39342,0.12662,0.1017,0.71269,0.51305,0.51191,1.32,0.673,32.29
8,FARM B,-17.34513,30.02759,2025-02-03,34,8,1054.6,3.72,51.8,8.26,0.04155,0.38925,0.10325,0.10075,0.80711,0.58071,0.56033,1.32,0.673,33.09
9,FARM C,-17.34081,30.04431,2025-02-03,34,13,1241.7,9.33,331.5,9.06,0.06098,0.3629,0.15051,0.12287,0.71229,0.41368,0.4902,2.562,1.184,19.93
10,FARM C,-17.33922,30.0476,2025-02-03,34,10,1146.5,11.66,59.6,6.31,0.06651,0.37741,0.14246,0.1126,0.70034,0.45194,0.49405,2.562,1.184,23.58
11,FARM C,-17.33963,30.046,2025-02-03,34,1,1206.5,6.01,102.5,9.88,0.04683,0.44905,0.11904,0.06889,0.81113,0.58092,0.60583,2.562,1.184,45.4
12,FARM C,-17.3384,30.04912,2025-02-03,34,1,1066.5,1.73,55.3,5.62,0.05508,0.46276,0.11957,0.0854,0.78728,0.58934,0.60081,2.562,1.184,41.39
13,FARM D,-17.32688,30.03518,2025-02-03,34,5,1147.3,0.17,41.6,9.56,0.04622,0.44732,0.13604,0.08548,0.81271,0.53361,0.60557,1.514,0.606,38.52
14,FARM D,-17.32853,30.03438,2025-02-03,34,7,1148.1,2.76,7.6,10.89,0.04386,0.39486,0.10611,0.10891,0.80005,0.57637,0.56087,1.514,0.606,33.23
15,FARM D,-17.33019,30.03777,2025-02-03,34,9,1237.6,1.58,19.9,5.06,0.06699,0.37003,0.14985,0.1213,0.69341,0.42352,0.48511,1.514,0.606,30.51
16,FARM D,-17.32705,30.03928,2025-02-03,34,6,1164.3,8.13,62.9,8.92,0.05454,0.37406,0.13831,0.08797,0.74551,0.46011,0.51614,1.514,0.606,32.84
17,FARM E,-17.33185,30.0296,2025-02-03,34,7,1144.7,1.46,19.2,4.76,0.0446,0.40403,0.1581,0.09765,0.80116,0.4375,0.56833,0.765,0.442,28.63
18,FARM E,-17.3311,30.02865,2025-02-03,34,12,1103.4,6.08,212.8,9.81,0.04421,0.36057,0.14492,0.09662,0.78156,0.42662,0.52448,0.765,0.442,23.18
19,FARM E,-17.33287,30.03015,2025-02-03,34,4,1116.3,8.33,245.1,4.68,0.04937,0.39745,0.1241,0.11217,0.77903,0.52412,0.55145,0.765,0.442,33.79
20,FARM E,-17.33237,30.03116,2025-02-03,34,6,1154.1,6.97,141.7,11.49,0.04743,0.45946,0.10375,0.09126,0.81287,0.63157,0.61383,0.765,0.442,39.42
21,FARM F,-17.34976,30.037,2025-02-03,34,7,1137.8,2.4,114.5,5.1,0.0538,0.39897,0.13219,0.11404,0.76236,0.50227,0.54343,2.079,1.315,28.05
22,FARM F,-17.34824,30.034,2025-02-03,34,6,1054.3,9.65,181.6,11.67,0.02574,0.46707,0.07698,0.08463,0.89554,0.71701,0.66679,2.079,1.315,38.65
23,FARM F,-17.34748,30.03684,2025-02-03,34,13,1215.3,8.58,315.0,10.41,0.05502,0.36096,0.12748,0.12024,0.73548,0.47801,0.50101,2.079,1.315,28.06
24,FARM F,-17.35005,30.03386,2025-02-03,34,13,1229.2,8.87,306.4,8.75,0.07525,0.33503,0.14766,0.11716,0.63318,0.38818,0.42808,2.079,1.315,17.23
25,FARM G,-17.34554,30.04007,2025-02-03,34,7,1078.0,1.57,15.7,10.26,0.0625,0.41733,0.11314,0.09935,0.73949,0.57343,0.5432,2.395,1.56,30.54
26,FARM G,-17.34838,30.03929,2025-02-03,34,6,1160.8,1.49,65.3,10.36,0.06425,0.38609,0.15883,0.10067,0.71465,0.41706,0.50798,2.395,1.56,32.62
27,FARM G,-17.34492,30.04317,2025-02-03,34,8,1071.7,11.13,85.2,11.57,0.05045,0.38482,0.12054,0.10588,0.76821,0.52296,0.53628,2.395,1.56,30.17
28,FARM G,-17.34541,30.04385,2025-02-03,34,2,1184.4,4.77,89.8,6.03,0.0367,0.40402,0.10831,0.09249,0.83346,0.57719,0.58571,2.395,1.56,32.32
29,FARM H,-17.30945,29.99639,2025-02-03,34,5,1106.2,3.61,205.6,8.72,0.0476,0.44893,0.13728,0.10527,0.80826,0.53164,0.60409,4.053,1.024,31.78
30,FARM H,-17.31145,29.99354,2025-02-03,34,3,1181.9,5.86,149.9,4.76,0.05283,0.39145,0.12977,0.11975,0.76219,0.50204,0.53791,4.053,1.024,27.43
31,FARM H,-17.30814,29.99578,2025-02-03,34,2,1195.4,7.95,17.7,8.93,0.04919,0.41654,0.13116,0.08884,0.78877,0.52105,0.57059,4.053,1.024,35.65
32,FARM H,-17.30878,29.99762,2025-02-03,34,1,1203.7,11.47,134.5,5.37,0.04957,0.4137,0.13592,0.09935,0.786,0.50539,0.56702,4.053,1.024,35.68
33,FARM I,-17.30543,29.98808,2025-02-03,34,8,1071.5,3.44,188.6,8.52,0.05303,0.41297,0.13765,0.10221,0.77241,0.50004,0.55892,4.924,0.69,29.41
34,FARM I,-17.3059,29.98653,2025-02-03,34,0,1233.2,11.1,36.6,8.58,0.05992,0.43349,0.12743,0.06419,0.75711,0.54565,0.56407,4.924,0.69,42.06
35,FARM I,-17.30919,29.98736,2025-02-03,34,9,1096.0,0.3,300.0,7.73,0.0703,0.39915,0.14681,0.10146,0.7005,0.46221,0.50883,4.924,0.69,27.88
36,FARM I,-17.30805,29.98718,2025-02-03,34,6,1057.5,6.66,18.7,8.18,0.05209,0.39609,0.13093,0.10384,0.76753,0.50313,0.54419,4.924,0.69,32.36
37,FARM J,-17.29706,29.98933,2025-02-03,34,5,1161.0,7.61,332.9,10.11,0.04675,0.39027,0.13887,0.1063,0.78603,0.4751,0.5499,5.261,1.065,33.49
38,FARM J,-17.3012,29.98957,2025-02-03,34,10,1124.2,1.27,35.7,10.39,0.06426,0.39841,0.14722,0.10965,0.72223,0.46037,0.52066,5.261,1.065,29.33
39,FARM J,-17.29997,29.99155,2025-02-03,34,7,1216.0,1.68,303.7,7.94,0.05182,0.44385,0.1334,0.09714,0.79089,0.53782,0.59059,5.261,1.065,29.91
40,FARM J,-17.2986,29.99219,2025-02-03,34,10,1211.7,5.03,325.0,8.8,0.0596,0.36201,0.1608,0.10684,0.71728,0.38486,0.4922,5.261,1.065,28.02
41,FARM K,-17.30251,29.9941,2025-02-03,34,9,1113.4,11.59,352.6,11.45,0.06681,0.4044,0.12428,0.12876,0.71644,0.52985,0.5214,4.646,0.819,28.38
42,FARM K,-17.30195,29.9932,2025-02-03,34,0,1240.6,7.15,288.7,4.96,0.0484,0.47878,0.1236,0.09057,0.81638,0.58964,0.62849,4.646,0.819,39.4
43,FARM K,-17.30491,29.99291,2025-02-03,34,3,1108.2,11.2,280.6,4.94,0.05992,0.4141,0.13839,0.09415,0.74717,0.49902,0.54543,4.646,0.819,30.91
44,FARM K,-17.30229,29.99431,2025-02-03,34,7,1153.0,9.65,231.3,4.7,0.05784,0.35834,0.12392,0.11628,0.72204,0.48609,0.49199,4.646,0.819,27.0
45,FARM L,-17.30494,29.9992,2025-02-03,34,13,1101.2,5.61,280.4,9.26,0.06914,0.31856,0.18838,0.12064,0.64331,0.2568,0.42144,4.272,0.356,15.62
46,FARM L,-17.30498,29.99991,2025-02-03,34,2,1237.2,9.42,48.4,7.35,0.04514,0.45033,0.13183,0.08503,0.8178,0.5471,0.61056,4.272,0.356,39.61
47,FARM L,-17.30391,29.99876,2025-02-03,34,1,1082.9,0.21,193.0,10.19,0.03562,0.48358,0.12277,0.08962,0.86278,0.59506,0.65928,4.272,0.356,45.54
48,FARM L,-17.30443,29.99967,2025-02-03,34,13,1059.0,1.31,185.1,9.37,0.05045,0.36895,0.12647,0.11397,0.75943,0.48944,0.51964,4.272,0.356,29.31
49,FARM M,-17.29909,29.9953,2025-02-03,34,13,1137.0,9.95,308.7,6.67,0.06363,0.335,0.16852,0.10307,0.68077,0.33062,0.45298,4.86,0.642,21.49
50,FARM M,-17.30036,29.99986,2025-02-03,34,2,1248.5,9.56,166.6,11.19,0.06654,0.48431,0.11796,0.07599,0.7584,0.60829,0.59632,4.86,0.642,45.4
51,FARM M,-17.29624,29.99849,2025-02-03,34,5,1228.3,2.79,138.6,10.1,0.05063,0.38156,0.11693,0.12464,0.7657,0.53087,0.5325,4.86,0.642,30.68
52,FARM M,-17.29959,29.9999,2025-02-03,34,8,1199.7,6.37,230.2,6.16,0.06087,0.38237,0.14199,0.12001,0.72534,0.45843,0.51127,4.86,0.642,27.71
53,FARM N,-17.29313,30.02101,2025-02-03,34,2,1228.2,7.27,95.9,6.91,0.05529,0.42708,0.12247,0.07882,0.77077,0.55429,0.5677,4.388,1.913,36.2
54,FARM N,-17.29511,30.01833,2025-02-03,34,4,1228.7,10.41,50.3,6.52,0.0564,0.38556,0.12694,0.10926,0.74478,0.50463,0.52416,4.388,1.913,26.89
55,FARM N,-17.29724,30.02213,2025-02-03,34,5,1153.8,7.24,172.0,5.26,0.03877,0.38157,0.14616,0.10968,0.81552,0.44608,0.5587,4.388,1.913,29.97
56,FARM N,-17.29507,30.01791,2025-02-03,34,8,1113.2,4.95,150.1,5.18,0.06386,0.37924,0.16814,0.11622,0.71175,0.38565,0.50161,4.388,1.913,21.76
57,FARM O,-17.28897,30.01796,2025-02-03,34,4,1204.4,4.49,83.7,11.49,0.04515,0.44571,0.12838,0.10165,0.81604,0.55274,0.60639,5.183,1.66,37.27
58,FARM O,-17.28971,30.01955,2025-02-03,34,5,1182.3,5.11,132.3,7.5,0.06032,0.41583,0.14619,0.11127,0.74664,0.47976,0.5463,5.183,1.66,32.79
59,FARM O,-17.28637,30.01876,2025-02-03,34,4,1124.7,7.82,131.9,7.07,0.04077,0.43564,0.14194,0.08299,0.82884,0.5085,0.60662,5.183,1.66,30.95
60,FARM O,-17.28825,30.01824,2025-02-03,34,10,1068.9,10.41,117.9,9.84,0.06573,0.37217,0.14122,0.12848,0.69978,0.44986,0.49008,5.183,1.66,25.55
61,FARM P,-17.28815,30.00687,2025-02-03,34,2,1199.4,5.45,136.6,8.42,0.04534,0.43092,0.13518,0.10295,0.80959,0.52242,0.59243,5.402,0.561,35.34
62,FARM P,-17.29007,30.00597,2025-02-03,34,3,1102.5,2.97,246.9,11.49,0.04687,0.47675,0.10933,0.08566,0.82096,0.62692,0.62993,5.402,0.561,43.39
63,FARM P,-17.29024,30.00627,2025-02-03,34,3,1237.4,2.84,106.9,10.24,0.05013,0.46288,0.12936,0.0913,0.80456,0.56316,0.61117,5.402,0.561,39.49
64,FARM P,-17.28913,30.00492,2025-02-03,34,12,1098.2,8.95,341.6,7.83,0.06426,0.35117,0.1622,0.14596,0.69062,0.36809,0.47012,5.402,0.561,20.35
1,FARM A,-17.33625,30.02948,2025-02-23,54,8,1070.7,1.47,294.0,11.33,0.05416,0.36657,0.16534,0.11697,0.74256,0.37832,0.50897,0.752,0.992,27.09
2,FARM A,-17.33579,30.03088,2025-02-23,54,7,1167.5,9.97,37.9,7.85,0.06721,0.44853,0.11745,0.09846,0.73936,0.58497,0.56311,0.752,0.992,28.46
3,FARM A,-17.33991,30.03238,2025-02-23,54,7,1084.1,1.84,24.0,6.63,0.05453,0.34509,0.14885,0.10041,0.72708,0.39729,0.48447,0.752,0.992,23.33
4,FARM A,-17.33631,30.03136,2025-02-23,54,5,1235.0,2.15,214.0,8.28,0.05548,0.41547,0.14528,0.11048,0.7644,0.48184,0.55614,0.752,0.992,31.17
5,FARM B,-17.34695,30.02887,2025-02-23,54,6,1166.2,7.19,52.6,10.79,0.07254,0.40738,0.11098,0.09216,0.69771,0.57179,0.51256,1.32,0.673,30.54
6,FARM B,-17.34555,30.03163,2025-02-23,54,11,1119.4,10.49,296.9,9.22,0.06649,0.33285,0.15886,0.14855,0.66698,0.35384,0.44425,1.32,0.673,17.06
7,FARM B,-17.34397,30.03103,2025-02-23,54,13,1168.2,2.36,111.7,10.44,0.0679,0.34329,0.14025,0.11687,0.66973,0.41991,0.45334,1.32,0.673,22.38
8,FARM B,-17.34513,30.02759,2025-02-23,54,3,1054.6,3.72,51.8,8.26,0.03823,0.41463,0.13292,0.09695,0.83115,0.51449,0.59252,1.32,0.673,33.65
9,FARM C,-17.34081,30.04431,2025-02-23,54,9,1241.7,9.33,331.5,9.06,0.05807,0.35657,0.15732,0.12423,0.71991,0.38773,0.48954,2.562,1.184,22.02
10,FARM C,-17.33922,30.0476,2025-02-23,54,13,1146.5,11.66,59.6,6.31,0.06293,0.33285,0.16978,0.12974,0.68199,0.32444,0.45198,2.562,1.184,18.39
11,FARM C,-17.33963,30.046,2025-02-23,54,0,1206.5,6.01,102.5,9.88,0.05621,0.45778,0.1441,0.11488,0.78127,0.52117,0.59404,2.562,1.184,37.64
12,FARM C,-17.3384,30.04912,2025-02-23,54,10,1066.5,1.73,55.3,5.62,0.06713,0.33137,0.16607,0.11787,0.6631,0.3323,0.44114,2.562,1.184,16.23
13,FARM D,-17.32688,30.03518,2025-02-23,54,6,1147.3,0.17,41.6,9.56,0.06018,0.36314,0.14989,0.10192,0.71568,0.41568,0.49218,1.514,0.606,25.7
14,FARM D,-17.32853,30.03438,2025-02-23,54,13,1148.1,2.76,7.6,10.89,0.06751,0.34278,0.17278,0.1493,0.67091,0.32973,0.45359,1.514,0.606,17.95
15,FARM D,-17.33019,30.03777,2025-02-23,54,8,1237.6,1.58,19.9,5.06,0.06581,0.34139,0.13552,0.13511,0.67677,0.43168,0.45566,1.514,0.606,22.59
16,FARM D,-17.32705,30.03928,2025-02-23,54,11,1164.3,8.13,62.9,8.92,0.05636,0.3448,0.16041,0.1105,0.71903,0.36496,0.48012,1.514,0.606,19.12
17,FARM E,-17.33185,30.0296,2025-02-23,54,2,1144.7,1.46,19.2,4.76,0.066,0.38285,0.11951,0.11662,0.70591,0.52421,0.50089,0.765,0.442,29.79
18,FARM E,-17.3311,30.02865,2025-02-23,54,1,1103.4,6.08,212.8,9.81,0.04324,0.41705,0.10935,0.08973,0.8121,0.58453,0.58389,0.765,0.442,39.74
19,FARM E,-17.33287,30.03015,2025-02-23,54,12,1116.3,8.33,245.1,4.68,0.05642,0.34383,0.17192,0.09277,0.71805,0.33332,0.47887,0.765,0.442,19.1
20,FARM E,-17.33237,30.03116,2025-02-23,54,7,1154.1,6.97,141.7,11.49,0.04304,0.42855,0.13494,0.11144,0.81749,0.52106,0.59518,0.765,0.442,34.38
21,FARM F,-17.34976,30.037,2025-02-23,54,7,1137.8,2.4,114.5,5.1,0.04143,0.35649,0.1532,0.11101,0.79175,0.39885,0.52631,2.079,1.315,24.44
22,FARM F,-17.34824,30.034,2025-02-23,54,2,1054.3,9.65,181.6,11.67,0.05463,0.46018,0.11758,0.06844,0.78776,0.59298,0.59944,2.079,1.315,39.6
23,FARM F,-17.34748,30.03684,2025-02-23,54,3,1215.3,8.58,315.0,10.41,0.0563,0.39712,0.1419,0.11022,0.75166,0.4735,0.53621,2.079,1.315,33.79
24,FARM F,-17.35005,30.03386,2025-02-23,54,11,1229.2,8.87,306.4,8.75,0.03825,0.33216,0.1852,0.11112,0.79345,0.28405,0.50649,2.079,1.315,21.54
25,FARM G,-17.34554,30.04007,2025-02-23,54,4,1078.0,1.57,15.7,10.26,0.06804,0.38681,0.16196,0.11236,0.70084,0.40974,0.50077,2.395,1.56,27.31
26,FARM G,-17.34838,30.03929,2025-02-23,54,8,1160.8,1.49,65.3,10.36,0.0599,0.40773,0.17665,0.11852,0.74382,0.39543,0.5392,2.395,1.56,28.76
27,FARM G,-17.34492,30.04317,2025-02-23,54,4,1071.7,11.13,85.2,11.57,0.0595,0.42327,0.15786,0.09975,0.7535,0.4567,0.55522,2.395,1.56,30.09
28,FARM G,-17.34541,30.04385,2025-02-23,54,3,1184.4,4.77,89.8,6.03,0.06088,0.46732,0.1224,0.09415,0.76948,0.58489,0.59294,2.395,1.56,33.17
29,FARM H,-17.30945,29.99639,2025-02-23,54,2,1106.2,3.61,205.6,8.72,0.04947,0.39852,0.09203,0.09489,0.77916,0.62478,0.55231,4.053,1.024,33.26
30,FARM H,-17.31145,29.99354,2025-02-23,54,13,1181.9,5.86,149.9,4.76,0.06482,0.3589,0.17212,0.14443,0.69403,0.35173,0.47754,4.053,1.024,14.04
31,FARM H,-17.30814,29.99578,2025-02-23,54,13,1195.4,7.95,17.7,8.93,0.07164,0.34917,0.1831,0.1226,0.65953,0.31201,0.4521,4.053,1.024,18.72
32,FARM H,-17.30878,29.99762,2025-02-23,54,1,1203.7,11.47,134.5,5.37,0.05641,0.40999,0.13977,0.12709,0.7581,0.49151,0.54881,4.053,1.024,33.15
33,FARM I,-17.30543,29.98808,2025-02-23,54,4,1071.5,3.44,188.6,8.52,0.05933,0.42534,0.15703,0.10509,0.75518,0.46071,0.55756,4.924,0.69,30.04
34,FARM I,-17.3059,29.98653,2025-02-23,54,7,1233.2,11.1,36.6,8.58,0.06872,0.30195,0.18351,0.12313,0.62922,0.24398,0.40182,4.924,0.69,19.27
35,FARM I,-17.30919,29.98736,2025-02-23,54,5,1096.0,0.3,300.0,7.73,0.04767,0.37593,0.14112,0.1025,0.77494,0.45414,0.53313,4.924,0.69,31.4
36,FARM I,-17.30805,29.98718,2025-02-23,54,10,1057.5,6.66,18.7,8.18,0.0647,0.40518,0.17259,0.13264,0.72459,0.40258,0.52657,4.924,0.69,19.97
37,FARM J,-17.29706,29.98933,2025-02-23,54,3,1161.0,7.61,332.9,10.11,0.06264,0.4287,0.09618,0.09299,0.74504,0.63352,0.5539,5.261,1.065,36.5
38,FARM J,-17.3012,29.98957,2025-02-23,54,0,1124.2,1.27,35.7,10.39,0.03925,0.45269,0.10714,0.10616,0.84044,0.61725,0.6252,5.261,1.065,41.24
39,FARM J,-17.29997,29.99155,2025-02-23,54,4,1216.0,1.68,303.7,7.94,0.05953,0.42297,0.13523,0.10421,0.75326,0.51549,0.55488,5.261,1.065,32.11
40,FARM J,-17.2986,29.99219,2025-02-23,54,8,1211.7,5.03,325.0,8.8,0.04544,0.35968,0.16219,0.13251,0.77567,0.37843,0.52077,5.261,1.065,21.34
41,FARM K,-17.30251,29.9941,2025-02-23,54,2,1113.4,11.59,352.6,11.45,0.05888,0.44052,0.11052,0.09262,0.76419,0.59886,0.5728,4.646,0.819,42.1
42,FARM K,-17.30195,29.9932,2025-02-23,54,11,1240.6,7.15,288.7,4.96,0.07289,0.39083,0.14681,0.10387,0.68562,0.45387,0.49486,4.646,0.819,23.69
43,FARM K,-17.30491,29.99291,2025-02-23,54,0,1108.2,11.2,280.6,4.94,0.04325,0.4199,0.12841,0.11671,0.81324,0.53161,0.58659,4.646,0.819,34.93
44,FARM K,-17.30229,29.99431,2025-02-23,54,0,1153.0,9.65,231.3,4.7,0.03551,0.41619,0.12707,0.10368,0.84277,0.53218,0.6,4.646,0.819,31.22
45,FARM L,-17.30494,29.9992,2025-02-23,54,7,1101.2,5.61,280.4,9.26,0.05594,0.40251,0.12232,0.10278,0.75597,0.53386,0.5424,4.272,0.356,27.34
46,FARM L,-17.30498,29.99991,2025-02-23,54,7,1237.2,9.42,48.4,7.35,0.0532,0.35461,0.15531,0.12244,0.73909,0.39083,0.49802,4.272,0.356,27.36
47,FARM L,-17.30391,29.99876,2025-02-23,54,4,1082.9,0.21,193.0,10.19,0.03785,0.42954,0.10893,0.10408,0.83806,0.5954,0.60735,4.272,0.356,33.08
48,FARM L,-17.30443,29.99967,2025-02-23,54,3,1059.0,1.31,185.1,9.37,0.04587,0.3965,0.13512,0.09567,0.79263,0.49168,0.55811,4.272,0.356,31.07
49,FARM M,-17.29909,29.9953,2025-02-23,54,0,1137.0,9.95,308.7,6.67,0.04728,0.45178,0.13135,0.08698,0.81051,0.54951,0.60732,4.86,0.642,36.44
50,FARM M,-17.30036,29.99986,2025-02-23,54,9,1248.5,9.56,166.6,11.19,0.04763,0.37578,0.14669,0.08554,0.77504,0.43846,0.53306,4.86,0.642,23.99
51,FARM M,-17.29624,29.99849,2025-02-23,54,5,1228.3,2.79,138.6,10.1,0.04905,0.42991,0.1151,0.08818,0.79519,0.57763,0.58358,4.86,0.642,29.68
52,FARM M,-17.29959,29.9999,2025-02-23,54,1,1199.7,6.37,230.2,6.16,0.06214,0.41457,0.11873,0.10355,0.7393,0.55473,0.54125,4.86,0.642,35.89
53,FARM N,-17.29313,30.02101,2025-02-23,54,5,1228.2,7.27,95.9,6.91,0.04912,0.34432,0.18327,0.11479,0.75031,0.30526,0.49562,4.388,1.913,19.99
54,FARM N,-17.29511,30.01833,2025-02-23,54,13,1228.7,10.41,50.3,6.52,0.07723,0.36611,0.16176,0.12761,0.65158,0.38712,0.45934,4.388,1.913,14.79
55,FARM N,-17.29724,30.02213,2025-02-23,54,3,1153.8,7.24,172.0,5.26,0.04106,0.43781,0.11782,0.10105,0.82851,0.5759,0.60797,4.388,1.913,33.45
56,FARM N,-17.29507,30.01791,2025-02-23,54,12,1113.2,4.95,150.1,5.18,0.0614,0.29866,0.17682,0.14145,0.65892,0.25624,0.41378,4.388,1.913,13.66
57,FARM O,-17.28897,30.01796,2025-02-23,54,3,1204.4,4.49,83.7,11.49,0.05259,0.43622,0.11551,0.10644,0.78481,0.58128,0.58194,5.183,1.66,34.96
58,FARM O,-17.28971,30.01955,2025-02-23,54,2,1182.3,5.11,132.3,7.5,0.07321,0.41509,0.12408,0.10744,0.70014,0.53973,0.51889,5.183,1.66,34.52
59,FARM O,-17.28637,30.01876,2025-02-23,54,3,1124.7,7.82,131.9,7.07,0.04972,0.40443,0.14312,0.09132,0.78104,0.47723,0.55763,5.183,1.66,32.5
60,FARM O,-17.28825,30.01824,2025-02-23,54,4,1068.9,10.41,117.9,9.84,0.05621,0.42309,0.12966,0.08194,0.76545,0.53085,0.56195,5.183,1.66,30.63
61,FARM P,-17.28815,30.00687,2025-02-23,54,1,1199.4,5.45,136.6,8.42,0.0464,0.37075,0.13887,0.09163,0.77753,0.455,0.53048,5.402,0.561,29.4
62,FARM P,-17.29007,30.00597,2025-02-23,54,8,1102.5,2.97,246.9,11.49,0.05283,0.37231,0.16739,0.11861,0.75147,0.37969,0.518,5.402,0.561,26.22
63,FARM P,-17.29024,30.00627,2025-02-23,54,4,1237.4,2.84,106.9,10.24,0.05,0.40576,0.13915,0.10768,0.78057,0.48927,0.55833,5.402,0.561,32.88
64,FARM P,-17.28913,30.00492,2025-02-23,54,10,1098.2,8.95,341.6,7.83,0.06571,0.30049,0.16673,0.13181,0.64111,0.28629,0.40656,5.402,0.561,18.22
1,FARM A,-17.33625,30.02948,2025-03-15,74,7,1070.7,1.47,294.0,11.33,0.05823,0.39014,0.16084,0.12786,0.74027,0.41617,0.52498,0.752,0.992,21.2
2,FARM A,-17.33579,30.03088,2025-03-15,74,0,1167.5,9.97,37.9,7.85,0.05226,0.39429,0.16391,0.11344,0.76595,0.41271,0.54202,0.752,0.992,28.81
3,FARM A,-17.33991,30.03238,2025-03-15,74,0,1084.1,1.84,24.0,6.63,0.0608,0.39486,0.15311,0.09563,0.73312,0.44119,0.52433,0.752,0.992,21.84
4,FARM A,-17.33631,30.03136,2025-03-15,74,13,1235.0,2.15,214.0,8.28,0.07334,0.32432,0.16414,0.14027,0.63113,0.32794,0.41939,0.752,0.992,15.14
5,FARM B,-17.34695,30.02887,2025-03-15,74,12,1166.2,7.19,52.6,10.79,0.07932,0.32252,0.179,0.13324,0.60522,0.28617,0.40451,1.32,0.673,12.33
6,FARM B,-17.34555,30.03163,2025-03-15,74,8,1119.4,10.49,296.9,9.22,0.07432,0.32047,0.14056,0.13104,0.62349,0.39022,0.41263,1.32,0.673,17.55
7,FARM B,-17.34397,30.03103,2025-03-15,74,2,1168.2,2.36,111.7,10.44,0.0595,0.41031,0.13433,0.1138,0.74671,0.50671,0.5426,1.32,0.673,30.43
8,FARM B,-17.34513,30.02759,2025-03-15,74,10,1054.6,3.72,51.8,8.26,0.06507,0.31272,0.20273,0.10849,0.65553,0.2134,0.4232,1.32,0.673,13.79
9,FARM C,-17.34081,30.04431,2025-03-15,74,2,1241.7,9.33,331.5,9.06,0.04436,0.38664,0.13797,0.08334,0.79417,0.47401,0.55148,2.562,1.184,27.76
10,FARM C,-17.33922,30.0476,2025-03-15,74,5,1146.5,11.66,59.6,6.31,0.06126,0.30612,0.17335,0.13779,0.66648,0.27689,0.42343,2.562,1.184,19.62
11,FARM C,-17.33963,30.046,2025-03-15,74,4,1206.5,6.01,102.5,9.88,0.0599,0.39448,0.1625,0.12712,0.73634,0.4165,0.52586,2.562,1.184,28.71
12,FARM C,-17.3384,30.04912,2025-03-15,74,0,1066.5,1.73,55.3,5.62,0.04964,0.39668,0.14953,0.08549,0.77754,0.45247,0.55008,2.562,1.184,28.53
13,FARM D,-17.32688,30.03518,2025-03-15,74,11,1147.3,0.17,41.6,9.56,0.08589,0.33964,0.19137,0.12914,0.59632,0.27923,0.41125,1.514,0.606,15.37
14,FARM D,-17.32853,30.03438,2025-03-15,74,7,1148.1,2.76,7.6,10.89,0.06598,0.34035,0.14288,0.1332,0.67522,0.40865,0.45408,1.514,0.606,21.33
15,FARM D,-17.33019,30.03777,2025-03-15,74,4,1237.6,1.58,19.9,5.06,0.05353,0.38524,0.15235,0.11932,0.75599,0.43322,0.53001,1.514,0.606,23.18
16,FARM D,-17.32705,30.03928,2025-03-15,74,7,1164.3,8.13,62.9,8.92,0.0715,0.3545,0.18002,0.12286,0.66432,0.32643,0.45842,1.514,0.606,20.57
17,FARM E,-17.33185,30.0296,2025-03-15,74,0,1144.7,1.46,19.2,4.76,0.05183,0.42758,0.15328,0.11823,0.78378,0.47223,0.57548,0.765,0.442,26.88
18,FARM E,-17.3311,30.02865,2025-03-15,74,6,1103.4,6.08,212.8,9.81,0.05963,0.36095,0.16983,0.10118,0.71645,0.36009,0.49098,0.765,0.442,17.24
19,FARM E,-17.33287,30.03015,2025-03-15,74,7,1116.3,8.33,245.1,4.68,0.06163,0.36584,0.16364,0.12617,0.71165,0.38189,0.492,0.765,0.442,17.52
20,FARM E,-17.33237,30.03116,2025-03-15,74,4,1154.1,6.97,141.7,11.49,0.04833,0.38324,0.13582,0.114,0.77604,0.47668,0.53927,0.765,0.442,30.62
21,FARM F,-17.34976,30.037,2025-03-15,74,11,1137.8,2.4,114.5,5.1,0.06266,0.29147,0.18096,0.13779,0.64614,0.23394,0.40185,2.079,1.315,5.0
22,FARM F,-17.34824,30.034,2025-03-15,74,3,1054.3,9.65,181.6,11.67,0.05665,0.36185,0.16915,0.10714,0.72928,0.36289,0.49843,2.079,1.315,22.4
23,FARM F,-17.34748,30.03684,2025-03-15,74,1,1215.3,8.58,315.0,10.41,0.04698,0.40847,0.15421,0.1009,0.79369,0.45188,0.56751,2.079,1.315,34.43
24,FARM F,-17.35005,30.03386,2025-03-15,74,7,1229.2,8.87,306.4,8.75,0.06531,0.36111,0.18837,0.11498,0.69367,0.31436,0.47893,2.079,1.315,16.81
25,FARM G,-17.34554,30.04007,2025-03-15,74,12,1078.0,1.57,15.7,10.26,0.07077,0.29245,0.1743,0.13141,0.6103,0.25314,0.3852,2.395,1.56,12.43
26,FARM G,-17.34838,30.03929,2025-03-15,74,5,1160.8,1.49,65.3,10.36,0.06838,0.37643,0.14359,0.11807,0.69255,0.44776,0.48907,2.395,1.56,26.6
27,FARM G,-17.34492,30.04317,2025-03-15,74,0,1071.7,11.13,85.2,11.57,0.06041,0.40012,0.12471,0.09296,0.73765,0.52476,0.5305,2.395,1.56,30.37
28,FARM G,-17.34541,30.04385,2025-03-15,74,13,1184.4,4.77,89.8,6.03,0.07049,0.33442,0.17165,0.13801,0.65182,0.32163,0.43749,2.395,1.56,10.32
29,FARM H,-17.30945,29.99639,2025-03-15,74,6,1106.2,3.61,205.6,8.72,0.05021,0.34535,0.16597,0.10009,0.74613,0.35081,0.49434,4.053,1.024,26.66
30,FARM H,-17.31145,29.99354,2025-03-15,74,2,1181.9,5.86,149.9,4.76,0.05878,0.35871,0.1444,0.11684,0.71843,0.42596,0.49036,4.053,1.024,20.67
31,FARM H,-17.30814,29.99578,2025-03-15,74,8,1195.4,7.95,17.7,8.93,0.05747,0.32642,0.15862,0.10573,0.70061,0.34594,0.45642,4.053,1.024,18.08
32,FARM H,-17.30878,29.99762,2025-03-15,74,4,1203.7,11.47,134.5,5.37,0.06719,0.32799,0.16154,0.12397,0.65994,0.34002,0.437,4.053,1.024,17.2
33,FARM I,-17.30543,29.98808,2025-03-15,74,13,1071.5,3.44,188.6,8.52,0.08018,0.31213,0.17967,0.1458,0.59122,0.26933,0.3899,4.924,0.69,6.68
34,FARM I,-17.3059,29.98653,2025-03-15,74,4,1233.2,11.1,36.6,8.58,0.06572,0.38882,0.16463,0.09647,0.71082,0.40509,0.50773,4.924,0.69,21.5
35,FARM I,-17.30919,29.98736,2025-03-15,74,7,1096.0,0.3,300.0,7.73,0.07541,0.33587,0.17881,0.11463,0.63327,0.30515,0.42872,4.924,0.69,18.06
36,FARM I,-17.30805,29.98718,2025-03-15,74,7,1057.5,6.66,18.7,8.18,0.0709,0.2788,0.17083,0.14626,0.5945,0.24012,0.36701,4.924,0.69,12.79
37,FARM J,-17.29706,29.98933,2025-03-15,74,3,1161.0,7.61,332.9,10.11,0.05413,0.32706,0.15997,0.1163,0.71599,0.34309,0.46459,5.261,1.065,19.54
38,FARM J,-17.3012,29.98957,2025-03-15,74,6,1124.2,1.27,35.7,10.39,0.06739,0.38644,0.15157,0.11676,0.70302,0.43655,0.50174,5.261,1.065,25.31
39,FARM J,-17.29997,29.99155,2025-03-15,74,1,1216.0,1.68,303.7,7.94,0.0684,0.34313,0.16638,0.12962,0.66759,0.34691,0.4521,5.261,1.065,23.08
40,FARM J,-17.2986,29.99219,2025-03-15,74,9,1211.7,5.03,325.0,8.8,0.06633,0.33463,0.12643,0.13064,0.66914,0.45158,0.44669,5.261,1.065,15.32
41,FARM K,-17.30251,29.9941,2025-03-15,74,10,1113.4,11.59,352.6,11.45,0.06652,0.34585,0.16619,0.1118,0.67738,0.35087,0.45924,4.646,0.819,16.34
42,FARM K,-17.30195,29.9932,2025-03-15,74,13,1240.6,7.15,288.7,4.96,0.07654,0.2773,0.19243,0.15497,0.56737,0.18068,0.35269,4.646,0.819,5.0
43,FARM K,-17.30491,29.99291,2025-03-15,74,4,1108.2,11.2,280.6,4.94,0.06972,0.34885,0.14476,0.13024,0.66687,0.41346,0.45581,4.646,0.819,14.61
44,FARM K,-17.30229,29.99431,2025-03-15,74,3,1153.0,9.65,231.3,4.7,0.06317,0.31855,0.1628,0.1461,0.66902,0.32358,0.43446,4.646,0.819,17.33
45,FARM L,-17.30494,29.9992,2025-03-15,74,7,1101.2,5.61,280.4,9.26,0.05856,0.29951,0.19569,0.12179,0.67293,0.20965,0.42122,4.272,0.356,15.11
46,FARM L,-17.30498,29.99991,2025-03-15,74,9,1237.2,9.42,48.4,7.35,0.06595,0.29876,0.16941,0.15921,0.63832,0.27627,0.40384,4.272,0.356,13.53
47,FARM L,-17.30391,29.99876,2025-03-15,74,13,1082.9,0.21,193.0,10.19,0.06102,0.33894,0.15713,0.10589,0.69487,0.36649,0.46322,4.272,0.356,15.2
48,FARM L,-17.30443,29.99967,2025-03-15,74,0,1059.0,1.31,185.1,9.37,0.06321,0.43387,0.12777,0.09911,0.74568,0.545,0.55762,4.272,0.356,32.59
49,FARM M,-17.29909,29.9953,2025-03-15,74,3,1137.0,9.95,308.7,6.67,0.06416,0.36073,0.12827,0.11579,0.69801,0.47537,0.48099,4.86,0.642,23.72
50,FARM M,-17.30036,29.99986,2025-03-15,74,3,1248.5,9.56,166.6,11.19,0.04632,0.41342,0.14471,0.11381,0.79851,0.48144,0.57376,4.86,0.642,30.13
51,FARM M,-17.29624,29.99849,2025-03-15,74,3,1228.3,2.79,138.6,10.1,0.05188,0.35868,0.13559,0.11836,0.74727,0.45136,0.5054,4.86,0.642,28.2
52,FARM M,-17.29959,29.9999,2025-03-15,74,6,1199.7,6.37,230.2,6.16,0.06266,0.28727,0.19681,0.1378,0.64189,0.18687,0.39641,4.86,0.642,14.74
53,FARM N,-17.29313,30.02101,2025-03-15,74,12,1228.2,7.27,95.9,6.91,0.07968,0.31193,0.17617,0.13291,0.59308,0.27813,0.39074,4.388,1.913,10.08
54,FARM N,-17.29511,30.01833,2025-03-15,74,0,1228.7,10.41,50.3,6.52,0.08187,0.38117,0.14502,0.11957,0.64638,0.44878,0.46618,4.388,1.913,24.01
55,FARM N,-17.29724,30.02213,2025-03-15,74,11,1153.8,7.24,172.0,5.26,0.08804,0.26178,0.19752,0.15529,0.49667,0.13992,0.30667,4.388,1.913,5.0
56,FARM N,-17.29507,30.01791,2025-03-15,74,8,1113.2,4.95,150.1,5.18,0.07048,0.31445,0.17346,0.12381,0.63381,0.28897,0.41355,4.388,1.913,12.85
57,FARM O,-17.28897,30.01796,2025-03-15,74,8,1204.4,4.49,83.7,11.49,0.0776,0.33683,0.15261,0.1171,0.62553,0.37639,0.42524,5.183,1.66,17.8
58,FARM O,-17.28971,30.01955,2025-03-15,74,9,1182.3,5.11,132.3,7.5,0.07247,0.34204,0.1638,0.13263,0.65033,0.35236,0.44216,5.183,1.66,16.17
59,FARM O,-17.28637,30.01876,2025-03-15,74,1,1124.7,7.82,131.9,7.07,0.05999,0.38145,0.16829,0.1046,0.72819,0.38775,0.51218,5.183,1.66,22.41
60,FARM O,-17.28825,30.01824,2025-03-15,74,10,1068.9,10.41,117.9,9.84,0.07159,0.34253,0.14807,0.13594,0.65425,0.39638,0.44459,5.183,1.66,11.6
61,FARM P,-17.28815,30.00687,2025-03-15,74,3,1199.4,5.45,136.6,8.42,0.05946,0.33934,0.15504,0.1146,0.70179,0.3728,0.46709,5.402,0.561,19.33
62,FARM P,-17.29007,30.00597,2025-03-15,74,7,1102.5,2.97,246.9,11.49,0.05879,0.32652,0.16939,0.1273,0.69483,0.31686,0.45362,5.402,0.561,21.15
63,FARM P,-17.29024,30.00627,2025-03-15,74,9,1237.4,2.84,106.9,10.24,0.05234,0.35181,0.17181,0.10888,0.74098,0.34377,0.49682,5.402,0.561,19.17
64,FARM P,-17.28913,30.00492,2025-03-15,74,8,1098.2,8.95,341.6,7.83,0.06685,0.36322,0.19832,0.10711,0.68912,0.29367,0.47798,5.402,0.561,15.28
1,FARM A,-17.33625,30.02948,2025-04-04,94,7,1070.7,1.47,294.0,11.33,0.06319,0.37706,0.15736,0.11515,0.71292,0.4111,0.50072,0.752,0.992,13.17
2,FARM A,-17.33579,30.03088,2025-04-04,94,13,1167.5,9.97,37.9,7.85,0.08823,0.27629,0.19858,0.12038,0.51589,0.16364,0.32629,0.752,0.992,5.0
3,FARM A,-17.33991,30.03238,2025-04-04,94,10,1084.1,1.84,24.0,6.63,0.06741,0.2371,0.19175,0.11559,0.55725,0.10573,0.31638,0.752,0.992,5.0
4,FARM A,-17.33631,30.03136,2025-04-04,94,1,1235.0,2.15,214.0,8.28,0.06558,0.29663,0.18064,0.13469,0.63789,0.24303,0.40196,0.752,0.992,12.65
5,FARM B,-17.34695,30.02887,2025-04-04,94,5,1166.2,7.19,52.6,10.79,0.07298,0.35429,0.16738,0.1292,0.65838,0.35829,0.45506,1.32,0.673,16.3
6,FARM B,-17.34555,30.03163,2025-04-04,94,13,1119.4,10.49,296.9,9.22,0.07713,0.26706,0.18501,0.13269,0.5518,0.18148,0.33746,1.32,0.673,5.0
7,FARM B,-17.34397,30.03103,2025-04-04,94,5,1168.2,2.36,111.7,10.44,0.06768,0.30901,0.16116,0.11379,0.64064,0.31447,0.4129,1.32,0.673,14.45
8,FARM B,-17.34513,30.02759,2025-04-04,94,2,1054.6,3.72,51.8,8.26,0.06621,0.32283,0.17609,0.11625,0.65961,0.29412,0.43297,1.32,0.673,18.02
9,FARM C,-17.34081,30.04431,2025-04-04,94,12,1241.7,9.33,331.5,9.06,0.08417,0.26426,0.18387,0.14299,0.51686,0.1794,0.31839,2.562,1.184,5.0
10,FARM C,-17.33922,30.0476,2025-04-04,94,8,1146.5,11.66,59.6,6.31,0.07493,0.25868,0.19509,0.13438,0.55078,0.14014,0.33064,2.562,1.184,6.53
11,FARM C,-17.33963,30.046,2025-04-04,94,7,1206.5,6.01,102.5,9.88,0.06834,0.27809,0.17624,0.1515,0.60544,0.22417,0.3717,2.562,1.184,14.56
12,FARM C,-17.3384,30.04912,2025-04-04,94,5,1066.5,1.73,55.3,5.62,0.08544,0.28716,0.19066,0.12407,0.54138,0.20195,0.34675,2.562,1.184,11.51
13,FARM D,-17.32688,30.03518,2025-04-04,94,1,1147.3,0.17,41.6,9.56,0.05479,0.33104,0.15228,0.1326,0.716,0.36984,0.46779,1.514,0.606,18.79
14,FARM D,-17.32853,30.03438,2025-04-04,94,5,1148.1,2.76,7.6,10.89,0.06933,0.30353,0.16311,0.11688,0.62813,0.30092,0.40247,1.514,0.606,16.11
15,FARM D,-17.33019,30.03777,2025-04-04,94,6,1237.6,1.58,19.9,5.06,0.08317,0.31023,0.17303,0.1054,0.57717,0.2839,0.38123,1.514,0.606,7.82
16,FARM D,-17.32705,30.03928,2025-04-04,94,13,1164.3,8.13,62.9,8.92,0.08737,0.26697,0.17874,0.16221,0.50685,0.19796,0.31533,1.514,0.606,5.0
17,FARM E,-17.33185,30.0296,2025-04-04,94,4,1144.7,1.46,19.2,4.76,0.07063,0.30392,0.1741,0.13479,0.62286,0.27157,0.40013,0.765,0.442,11.96
18,FARM E,-17.3311,30.02865,2025-04-04,94,2,1103.4,6.08,212.8,9.81,0.06577,0.3746,0.17351,0.10294,0.70131,0.36689,0.49263,0.765,0.442,22.02
19,FARM E,-17.33287,30.03015,2025-04-04,94,5,1116.3,8.33,245.1,4.68,0.07058,0.2438,0.15043,0.12454,0.55098,0.23686,0.31905,0.765,0.442,8.83
20,FARM E,-17.33237,30.03116,2025-04-04,94,13,1154.1,6.97,141.7,11.49,0.07691,0.27869,0.21926,0.12727,0.56743,0.11934,0.35375,0.765,0.442,5.0
21,FARM F,-17.34976,30.037,2025-04-04,94,6,1137.8,2.4,114.5,5.1,0.07844,0.26027,0.19042,0.1233,0.53686,0.15498,0.32521,2.079,1.315,5.0
22,FARM F,-17.34824,30.034,2025-04-04,94,5,1054.3,9.65,181.6,11.67,0.05986,0.3824,0.16281,0.13481,0.72928,0.40277,0.51345,2.079,1.315,18.35
23,FARM F,-17.34748,30.03684,2025-04-04,94,9,1215.3,8.58,315.0,10.41,0.0746,0.27056,0.18889,0.14414,0.56775,0.17774,0.3478,2.079,1.315,6.45
24,FARM F,-17.35005,30.03386,2025-04-04,94,9,1229.2,8.87,306.4,8.75,0.075,0.2628,0.22449,0.14142,0.55595,0.0786,0.33624,2.079,1.315,5.0
25,FARM G,-17.34554,30.04007,2025-04-04,94,4,1078.0,1.57,15.7,10.26,0.06375,0.34694,0.14348,0.11711,0.68953,0.41487,0.46643,2.395,1.56,18.35
26,FARM G,-17.34838,30.03929,2025-04-04,94,13,1160.8,1.49,65.3,10.36,0.08869,0.27944,0.21076,0.15019,0.51817,0.14012,0.32959,2.395,1.56,5.0
27,FARM G,-17.34492,30.04317,2025-04-04,94,8,1071.7,11.13,85.2,11.57,0.0682,0.36863,0.16439,0.11955,0.68777,0.38318,0.48104,2.395,1.56,14.17
28,FARM G,-17.34541,30.04385,2025-04-04,94,0,1184.4,4.77,89.8,6.03,0.08985,0.32141,0.17298,0.14848,0.56307,0.30022,0.38117,2.395,1.56,11.0
29,FARM H,-17.30945,29.99639,2025-04-04,94,5,1106.2,3.61,205.6,8.72,0.08597,0.28004,0.17162,0.12615,0.53024,0.24005,0.33615,4.053,1.024,12.2
30,FARM H,-17.31145,29.99354,2025-04-04,94,12,1181.9,5.86,149.9,4.76,0.08448,0.26959,0.20109,0.17082,0.5228,0.14553,0.32511,4.053,1.024,5.0
31,FARM H,-17.30814,29.99578,2025-04-04,94,5,1195.4,7.95,17.7,8.93,0.06917,0.29901,0.19615,0.12921,0.62427,0.20772,0.39711,4.053,1.024,9.33
32,FARM H,-17.30878,29.99762,2025-04-04,94,7,1203.7,11.47,134.5,5.37,0.08446,0.28257,0.15933,0.1278,0.53978,0.27889,0.34275,4.053,1.024,5.0
33,FARM I,-17.30543,29.98808,2025-04-04,94,8,1071.5,3.44,188.6,8.52,0.07537,0.28378,0.17783,0.13545,0.58028,0.22951,0.36386,4.924,0.69,9.81
34,FARM I,-17.3059,29.98653,2025-04-04,94,9,1233.2,11.1,36.6,8.58,0.06427,0.26358,0.19193,0.13968,0.60794,0.15729,0.36114,4.924,0.69,6.08
35,FARM I,-17.30919,29.98736,2025-04-04,94,12,1096.0,0.3,300.0,7.73,0.06616,0.28214,0.20637,0.14834,0.62008,0.1551,0.3819,4.924,0.69,5.0
36,FARM I,-17.30805,29.98718,2025-04-04,94,2,1057.5,6.66,18.7,8.18,0.06778,0.30486,0.1703,0.14365,0.63621,0.28321,0.40752,4.924,0.69,14.31
37,FARM J,-17.29706,29.98933,2025-04-04,94,7,1161.0,7.61,332.9,10.11,0.06643,0.28048,0.18688,0.13342,0.61703,0.20028,0.37912,5.261,1.065,8.07
38,FARM J,-17.3012,29.98957,2025-04-04,94,7,1124.2,1.27,35.7,10.39,0.07601,0.31887,0.20092,0.14662,0.61503,0.22692,0.40708,5.261,1.065,10.22
39,FARM J,-17.29997,29.99155,2025-04-04,94,2,1216.0,1.68,303.7,7.94,0.06436,0.30104,0.17221,0.12057,0.64772,0.27222,0.41023,5.261,1.065,10.51
40,FARM J,-17.2986,29.99219,2025-04-04,94,9,1211.7,5.03,325.0,8.8,0.0722,0.26156,0.18526,0.15664,0.56734,0.17076,0.34067,5.261,1.065,5.0
41,FARM K,-17.30251,29.9941,2025-04-04,94,1,1113.4,11.59,352.6,11.45,0.08383,0.35308,0.15578,0.12015,0.61627,0.38773,0.43108,4.646,0.819,19.93
42,FARM K,-17.30195,29.9932,2025-04-04,94,6,1240.6,7.15,288.7,4.96,0.07948,0.31653,0.17732,0.15281,0.59859,0.28189,0.39684,4.646,0.819,5.0
43,FARM K,-17.30491,29.99291,2025-04-04,94,4,1108.2,11.2,280.6,4.94,0.06132,0.30363,0.20373,0.12825,0.66398,0.19692,0.42023,4.646,0.819,7.64
44,FARM K,-17.30229,29.99431,2025-04-04,94,2,1153.0,9.65,231.3,4.7,0.05843,0.27338,0.1963,0.12984,0.64783,0.16413,0.38763,4.646,0.819,9.71
45,FARM L,-17.30494,29.9992,2025-04-04,94,11,1101.2,5.61,280.4,9.26,0.07784,0.26455,0.18294,0.15137,0.54534,0.18238,0.33248,4.272,0.356,5.0
46,FARM L,-17.30498,29.99991,2025-04-04,94,3,1237.2,9.42,48.4,7.35,0.06614,0.29445,0.19799,0.15245,0.63317,0.19587,0.39795,4.272,0.356,8.27
47,FARM L,-17.30391,29.99876,2025-04-04,94,3,1082.9,0.21,193.0,10.19,0.07696,0.30021,0.20104,0.11663,0.59193,0.19786,0.38178,4.272,0.356,13.18
48,FARM L,-17.30443,29.99967,2025-04-04,94,11,1059.0,1.31,185.1,9.37,0.06981,0.32111,0.19653,0.12855,0.64284,0.24067,0.4231,4.272,0.356,6.17
49,FARM M,-17.29909,29.9953,2025-04-04,94,12,1137.0,9.95,308.7,6.67,0.08225,0.29605,0.18894,0.14304,0.56517,0.22086,0.36514,4.86,0.642,5.0
50,FARM M,-17.30036,29.99986,2025-04-04,94,0,1248.5,9.56,166.6,11.19,0.0628,0.33823,0.14216,0.11859,0.68682,0.40814,0.45853,4.86,0.642,22.82
51,FARM M,-17.29624,29.99849,2025-04-04,94,3,1228.3,2.79,138.6,10.1,0.07822,0.35753,0.16753,0.1314,0.641,0.36185,0.44774,4.86,0.642,18.39
52,FARM M,-17.29959,29.9999,2025-04-04,94,9,1199.7,6.37,230.2,6.16,0.07477,0.25852,0.17127,0.1465,0.5513,0.203,0.33075,4.86,0.642,5.0
53,FARM N,-17.29313,30.02101,2025-04-04,94,10,1228.2,7.27,95.9,6.91,0.0815,0.28592,0.19364,0.14918,0.55636,0.19243,0.3535,4.388,1.913,5.0
54,FARM N,-17.29511,30.01833,2025-04-04,94,13,1228.7,10.41,50.3,6.52,0.0793,0.26048,0.19555,0.15052,0.53321,0.14239,0.32361,4.388,1.913,5.0
55,FARM N,-17.29724,30.02213,2025-04-04,94,7,1153.8,7.24,172.0,5.26,0.07641,0.26253,0.1821,0.129,0.5491,0.18088,0.33276,4.388,1.913,5.0
56,FARM N,-17.29507,30.01791,2025-04-04,94,0,1113.2,4.95,150.1,5.18,0.07521,0.34396,0.1963,0.12276,0.64115,0.27333,0.43858,4.388,1.913,16.64
57,FARM O,-17.28897,30.01796,2025-04-04,94,12,1204.4,4.49,83.7,11.49,0.06906,0.31209,0.17124,0.13737,0.63761,0.29142,0.41371,5.183,1.66,11.4
58,FARM O,-17.28971,30.01955,2025-04-04,94,2,1182.3,5.11,132.3,7.5,0.06707,0.36066,0.17354,0.13071,0.6864,0.3503,0.4747,5.183,1.66,15.03
59,FARM O,-17.28637,30.01876,2025-04-04,94,1,1124.7,7.82,131.9,7.07,0.07473,0.30116,0.16934,0.12453,0.60237,0.28017,0.38776,5.183,1.66,10.77
60,FARM O,-17.28825,30.01824,2025-04-04,94,9,1068.9,10.41,117.9,9.84,0.06762,0.28504,0.16386,0.13013,0.61649,0.26996,0.38247,5.183,1.66,12.84
61,FARM P,-17.28815,30.00687,2025-04-04,94,8,1199.4,5.45,136.6,8.42,0.07904,0.29727,0.17683,0.14396,0.57992,0.25404,0.37355,5.402,0.561,6.75
62,FARM P,-17.29007,30.00597,2025-04-04,94,0,1102.5,2.97,246.9,11.49,0.06052,0.32243,0.14586,0.13553,0.68395,0.37706,0.44496,5.402,0.561,18.16
63,FARM P,-17.29024,30.00627,2025-04-04,94,2,1237.4,2.84,106.9,10.24,0.07313,0.34256,0.17494,0.10133,0.64816,0.32391,0.44136,5.402,0.561,18.36
64,FARM P,-17.28913,30.00492,2025-04-04,94,8,1098.2,8.95,341.6,7.83,0.07582,0.29749,0.19172,0.12767,0.59378,0.21621,0.38073,5.402,0.561,6.99
